timeStamp,Zone,Temperature,Humidity,Light,Soil_Moisture,Water_Level,Air,Pump,Fan,Light_Output
2026-07-18 12:37:35,Zone2,29.4,70.8,42.67,0.0,0.0,475,1,0,0
2026-07-18 12:37:35,Zone2,29.4,70.8,41.33,0.0,0.0,477,1,0,0
2026-07-18 12:37:35,Zone1,29.4,66.6,89.56,0.0,0.0,758,1,0,0
2026-07-18 12:37:35,Zone1,29.4,66.6,90.19,0.0,0.0,673,1,0,0
2026-07-18 12:37:36,Zone1,29.4,66.6,90.69,0.0,0.0,682,1,0,0
2026-07-18 12:37:37,Zone2,29.4,70.7,51.33,0.0,0.0,479,1,0,0
2026-07-18 12:37:37,Zone1,29.4,66.5,94.5,0.0,0.0,681,1,0,0
2026-07-18 12:37:38,Zone2,29.4,70.7,46.67,0.0,0.0,470,1,0,0
2026-07-18 12:37:38,Zone1,29.4,66.5,94.31,0.0,0.0,671,1,0,0
2026-07-18 12:37:39,Zone2,29.4,70.7,42.0,0.0,0.0,471,1,0,0
2026-07-18 12:37:39,Zone1,29.4,66.5,93.75,0.0,0.0,669,1,0,0
2026-07-18 12:37:40,Zone2,29.4,70.7,42.0,0.0,0.0,466,1,0,0
2026-07-18 12:37:40,Zone1,29.4,66.5,94.25,0.0,0.0,710,1,0,0
2026-07-18 12:37:41,Zone1,29.4,66.5,89.81,0.0,0.0,675,1,0,0
2026-07-18 12:37:41,Zone2,29.4,70.7,48.67,90.39,0.0,457,0,0,0
2026-07-18 12:37:42,Zone1,29.4,66.5,89.94,0.0,0.0,688,1,0,0
2026-07-18 12:37:42,Zone2,29.4,70.7,50.0,95.04,0.0,451,0,0,0
2026-07-18 12:37:43,Zone1,29.4,66.5,90.81,0.0,0.0,688,1,0,0
2026-07-18 12:37:43,Zone2,29.4,70.6,39.33,71.14,24.14,477,0,0,0
2026-07-18 12:37:43,Zone1,29.4,66.5,91.12,0.0,0.0,688,1,0,0
2026-07-18 12:37:43,Zone1,29.5,66.4,95.31,0.0,0.0,685,1,0,0
2026-07-18 12:37:44,Zone2,29.4,70.6,36.67,62.92,38.82,479,0,0,0
2026-07-18 12:37:44,Zone1,29.5,66.4,95.19,0.0,0.0,685,1,0,0
2026-07-18 12:37:45,Zone1,29.5,66.4,96.5,0.0,0.0,674,1,0,0
2026-07-18 12:37:45,Zone2,29.3,70.7,50.67,59.42,42.95,475,0,0,0
2026-07-18 12:37:45,Zone1,29.5,66.4,93.56,0.0,0.0,677,1,0,0
2026-07-18 12:37:46,Zone2,29.3,70.7,51.33,56.77,44.09,472,0,0,0
2026-07-18 12:37:46,Zone1,29.4,66.4,88.06,0.0,0.0,682,1,0,0
2026-07-18 12:37:47,Zone2,29.4,70.7,40.0,56.1,45.23,474,0,0,0
2026-07-18 12:37:47,Zone1,29.4,66.4,88.06,0.0,0.0,677,1,0,0
2026-07-18 12:37:48,Zone2,29.4,70.7,36.67,55.18,45.86,477,0,0,0
2026-07-18 12:37:48,Zone1,29.4,66.4,88.06,0.0,0.0,685,1,0,0
2026-07-18 12:37:49,Zone1,29.4,66.4,93.44,0.0,0.0,673,1,0,0
2026-07-18 12:37:49,Zone2,29.4,70.7,49.33,55.86,46.5,471,0,0,0
2026-07-18 12:37:49,Zone1,29.4,66.4,94.5,0.0,0.0,675,1,0,0
2026-07-18 12:37:49,Zone1,29.4,66.4,94.06,0.0,0.0,688,1,0,0
2026-07-18 12:37:50,Zone1,29.4,66.4,92.37,0.0,0.0,686,1,0,0
2026-07-18 12:37:50,Zone2,29.4,70.7,53.33,54.8,48.77,468,0,0,0
2026-07-18 12:37:51,Zone1,29.4,66.4,93.75,0.0,0.0,688,1,0,0
2026-07-18 12:37:51,Zone2,29.4,70.7,40.67,57.86,48.14,481,0,0,0
2026-07-18 12:37:51,Zone1,29.4,66.4,86.94,0.0,0.0,678,1,0,0
2026-07-18 12:37:52,Zone1,29.4,66.4,87.12,0.0,0.0,688,1,0,0
2026-07-18 12:37:52,Zone2,29.4,70.7,42.67,51.24,48.45,471,0,0,0
2026-07-18 12:37:53,Zone1,29.4,66.4,87.12,0.0,0.0,678,1,0,0
2026-07-18 12:37:53,Zone2,29.4,70.7,49.33,56.94,51.59,468,0,0,0
2026-07-18 12:37:54,Zone1,29.4,66.4,89.31,0.0,0.0,679,1,0,0
2026-07-18 12:37:54,Zone2,29.4,70.7,52.0,56.67,51.64,485,0,0,0
2026-07-18 12:37:54,Zone1,29.4,66.4,93.75,0.0,0.0,686,1,0,0
2026-07-18 12:37:55,Zone1,29.4,66.4,94.81,0.0,0.0,677,1,0,0
2026-07-18 12:37:55,Zone2,29.4,70.8,42.67,56.5,51.05,475,0,0,0
2026-07-18 12:37:56,Zone1,29.4,66.4,94.69,0.0,0.0,678,1,0,0
2026-07-18 12:37:56,Zone2,29.4,70.8,42.67,56.03,50.27,480,0,0,0
2026-07-18 12:37:56,Zone1,29.4,66.4,94.06,0.0,0.0,685,1,0,0
2026-07-18 12:37:57,Zone2,29.4,70.8,47.33,45.4,88.95,469,0,0,0
2026-07-18 12:37:57,Zone1,29.4,66.4,87.94,0.0,0.0,674,1,0,0
2026-07-18 12:37:58,Zone1,29.4,66.4,88.06,0.0,0.0,671,1,0,0
2026-07-18 12:37:58,Zone2,29.4,70.8,52.0,45.57,89.0,481,0,0,0
2026-07-18 12:37:58,Zone2,29.4,70.8,42.67,45.94,88.32,467,0,0,0
2026-07-18 12:37:59,Zone1,29.4,66.4,88.06,0.0,0.0,609,1,0,0
2026-07-18 12:37:59,Zone1,29.4,66.4,88.06,0.0,0.0,681,1,0,0
2026-07-18 12:38:00,Zone1,29.4,66.4,94.19,0.0,0.0,688,1,0,0
2026-07-18 12:38:00,Zone2,29.4,70.8,42.0,47.03,88.23,475,0,0,0
2026-07-18 12:38:01,Zone1,29.4,66.4,94.0,0.0,0.0,656,1,0,0
2026-07-18 12:38:01,Zone2,29.4,70.8,53.33,46.93,87.68,479,0,0,0
2026-07-18 12:38:02,Zone1,29.4,66.4,93.87,0.0,0.0,678,1,0,0
2026-07-18 12:38:02,Zone2,29.4,70.8,51.33,47.44,87.41,470,0,0,0
2026-07-18 12:38:02,Zone1,29.4,66.4,93.56,0.0,0.0,667,1,0,0
2026-07-18 12:38:02,Zone2,29.4,70.7,45.33,47.78,87.32,475,0,0,0
2026-07-18 12:38:03,Zone1,29.4,66.5,87.94,0.0,0.0,677,1,0,0
2026-07-18 12:38:04,Zone2,29.4,70.7,42.0,48.32,87.36,486,0,0,0
2026-07-18 12:38:04,Zone2,29.4,70.8,52.0,47.91,87.05,473,0,0,0
2026-07-18 12:38:04,Zone1,29.4,66.5,88.06,0.0,0.0,670,1,0,0
2026-07-18 12:38:05,Zone1,29.4,66.5,88.06,0.0,0.0,682,1,0,0
2026-07-18 12:38:06,Zone1,29.4,66.5,88.06,0.0,0.0,685,1,0,0
2026-07-18 12:38:06,Zone2,29.4,70.8,51.33,76.23,19.64,477,0,0,0
2026-07-18 12:38:06,Zone1,29.4,66.5,94.75,0.0,0.0,674,1,0,0
2026-07-18 12:38:07,Zone2,29.4,70.8,42.0,60.98,43.09,491,0,0,0
2026-07-18 12:38:07,Zone1,29.4,66.5,94.75,0.0,0.0,581,1,0,0
2026-07-18 12:38:08,Zone2,29.4,70.8,42.67,58.74,47.27,479,0,0,0
2026-07-18 12:38:08,Zone1,29.4,66.5,94.37,0.0,0.0,671,1,0,0
2026-07-18 12:38:09,Zone1,29.4,66.5,93.94,0.0,0.0,678,1,0,0
2026-07-18 12:38:09,Zone2,29.4,70.7,50.67,57.72,48.68,471,0,0,0
2026-07-18 12:38:09,Zone1,29.5,66.6,88.06,0.0,0.0,667,1,0,0
2026-07-18 12:38:09,Zone1,29.5,66.6,88.06,0.0,0.0,682,1,0,0
2026-07-18 12:38:10,Zone1,29.5,66.6,89.37,0.0,0.0,677,1,0,0
2026-07-18 12:38:10,Zone2,29.4,70.7,51.33,57.01,49.45,467,0,0,0
2026-07-18 12:38:10,Zone1,29.5,66.6,90.31,0.0,0.0,671,1,0,0
2026-07-18 12:38:11,Zone2,29.4,70.7,40.67,56.88,50.32,473,0,0,0
2026-07-18 12:38:11,Zone1,29.4,66.5,94.06,0.0,0.0,688,1,0,0
2026-07-18 12:38:12,Zone1,29.4,66.5,93.69,0.0,0.0,674,1,0,0
2026-07-18 12:38:12,Zone2,29.4,70.7,40.67,56.57,50.73,469,0,0,0
2026-07-18 12:38:12,Zone1,29.4,66.5,93.12,0.0,0.0,672,1,0,0
2026-07-18 12:38:13,Zone1,29.4,66.5,92.31,0.0,0.0,674,1,0,0
2026-07-18 12:38:13,Zone2,29.4,70.6,52.67,49.68,89.55,468,0,0,0
2026-07-18 12:38:14,Zone1,29.4,66.5,89.44,0.0,0.0,667,1,0,0
2026-07-18 12:38:14,Zone2,29.4,70.6,52.67,50.7,87.77,478,0,0,0
2026-07-18 12:38:15,Zone2,29.4,70.7,42.67,50.46,87.32,484,0,0,0
2026-07-18 12:38:15,Zone1,29.4,66.5,89.94,0.0,0.0,675,1,0,0
2026-07-18 12:38:15,Zone1,29.4,66.5,90.69,0.0,0.0,672,1,0,0
2026-07-18 12:38:15,Zone2,29.4,70.7,40.67,49.85,87.14,475,0,0,0
2026-07-18 12:38:15,Zone1,29.4,66.5,91.31,0.0,0.0,675,1,0,0
2026-07-18 12:38:15,Zone1,29.5,66.5,93.25,0.0,0.0,645,1,0,0
2026-07-18 12:38:15,Zone1,29.5,66.5,92.44,0.0,0.0,675,1,0,0
2026-07-18 12:38:16,Zone1,29.5,66.5,92.12,0.0,0.0,681,1,0,0
2026-07-18 12:38:17,Zone1,29.5,66.5,91.31,0.0,0.0,671,1,0,0
2026-07-18 12:38:17,Zone2,29.4,70.7,51.33,64.18,33.55,473,0,0,0
2026-07-18 12:38:17,Zone1,29.4,66.5,90.37,0.0,0.0,672,1,0,0
2026-07-18 12:38:18,Zone2,29.4,70.7,46.67,55.55,45.82,484,0,0,0
2026-07-18 12:38:18,Zone1,29.4,66.5,91.12,0.0,0.0,667,1,0,0
2026-07-18 12:38:19,Zone1,29.4,66.5,91.56,0.0,0.0,676,1,0,0
2026-07-18 12:38:19,Zone2,29.4,70.8,36.0,40.24,82.77,483,0,0,0
2026-07-18 12:38:20,Zone1,29.4,66.5,92.25,0.0,0.0,663,1,0,0
2026-07-18 12:38:20,Zone2,29.4,70.8,37.33,41.87,49.45,482,0,0,0
2026-07-18 12:38:20,Zone1,29.4,66.4,92.12,0.0,0.0,693,1,0,0
2026-07-18 12:38:20,Zone2,29.4,70.9,24.67,38.95,39.73,477,0,0,1
2026-07-18 12:38:21,Zone1,29.4,66.4,92.12,0.0,0.0,674,1,0,0
2026-07-18 12:38:22,Zone2,29.4,70.9,36.0,37.45,36.45,481,0,0,0
2026-07-18 12:38:22,Zone1,29.4,66.4,91.44,0.0,0.0,669,1,0,0
2026-07-18 12:38:23,Zone1,29.4,66.4,91.12,0.0,0.0,685,1,0,0
2026-07-18 12:38:23,Zone2,29.4,70.9,12.67,39.29,34.41,479,0,0,1
2026-07-18 12:38:23,Zone1,29.5,66.4,91.31,0.0,0.0,666,1,0,0
2026-07-18 12:38:24,Zone1,29.5,66.4,91.69,0.0,0.0,659,1,0,0
2026-07-18 12:38:24,Zone2,29.4,70.9,0.67,39.15,34.05,464,0,0,1
2026-07-18 12:38:25,Zone1,29.5,66.4,92.06,0.0,0.0,663,1,0,0
2026-07-18 12:38:25,Zone2,29.4,71.0,31.33,39.15,32.86,467,0,0,0
2026-07-18 12:38:26,Zone1,29.5,66.4,92.5,0.0,0.0,672,1,0,0
2026-07-18 12:38:26,Zone2,29.4,71.0,47.33,38.78,32.23,479,0,0,0
2026-07-18 12:38:27,Zone1,29.4,66.4,91.75,0.0,0.0,681,1,0,0
2026-07-18 12:38:27,Zone2,29.4,71.0,44.0,39.93,31.95,478,0,0,0
2026-07-18 12:38:28,Zone1,29.4,66.4,91.31,0.0,0.0,667,1,0,0
2026-07-18 12:38:28,Zone2,29.4,71.0,32.0,40.27,31.59,475,0,0,0
2026-07-18 12:38:29,Zone1,29.4,66.4,91.12,0.0,0.0,683,1,0,0
2026-07-18 12:38:29,Zone2,29.4,71.9,0.0,40.48,31.14,475,0,0,1
2026-07-18 12:38:30,Zone1,29.4,66.4,90.44,0.0,0.0,671,1,0,0
2026-07-18 12:38:30,Zone2,29.4,71.9,0.0,40.81,31.32,475,0,0,1
2026-07-18 12:38:31,Zone1,29.5,66.4,92.12,0.0,0.0,671,1,0,0
2026-07-18 12:38:32,Zone2,29.4,72.2,0.0,40.88,31.14,473,0,0,1
2026-07-18 12:38:32,Zone1,29.5,66.4,92.75,0.0,0.0,672,1,0,0
2026-07-18 12:38:33,Zone2,29.4,72.2,0.0,41.29,31.86,479,0,0,1
2026-07-18 12:38:33,Zone1,29.5,66.4,93.19,0.0,0.0,670,1,0,0
2026-07-18 12:38:34,Zone2,29.4,72.1,0.0,41.22,31.41,491,0,0,1
2026-07-18 12:38:34,Zone1,29.5,66.4,93.75,0.0,0.0,671,1,0,0
2026-07-18 12:38:35,Zone2,29.4,72.1,0.0,41.39,31.55,474,0,0,1
2026-07-18 12:38:35,Zone1,29.4,66.4,90.06,0.0,0.0,670,1,0,0
2026-07-18 12:38:36,Zone2,29.4,72.6,0.0,41.56,31.41,475,0,0,1
2026-07-18 12:38:36,Zone1,29.4,66.4,90.0,0.0,0.0,666,1,0,0
2026-07-18 12:38:36,Zone2,29.4,72.6,0.0,41.83,31.55,471,0,0,1
2026-07-18 12:38:37,Zone1,29.4,66.4,87.81,0.0,0.0,663,1,0,0
2026-07-18 12:38:37,Zone2,29.4,72.8,0.0,41.26,31.32,466,0,0,1
2026-07-18 12:38:38,Zone2,29.4,72.8,0.0,42.17,31.27,467,0,0,1
2026-07-18 12:38:38,Zone1,29.4,66.4,87.19,0.0,0.0,665,1,0,0
2026-07-18 12:38:39,Zone2,29.4,72.6,0.0,41.83,31.09,468,0,0,1
2026-07-18 12:38:39,Zone1,29.4,66.5,90.94,0.0,0.0,667,1,0,0
2026-07-18 12:38:39,Zone1,29.4,66.5,92.25,0.0,0.0,663,1,0,0
2026-07-18 12:38:39,Zone2,29.4,72.6,0.0,40.75,30.64,473,0,0,1
2026-07-18 12:38:40,Zone1,29.4,66.5,92.56,0.0,0.0,667,1,0,0
2026-07-18 12:38:41,Zone1,29.4,66.5,94.81,0.0,0.0,663,1,0,0
2026-07-18 12:38:41,Zone2,29.4,72.9,0.0,41.97,31.09,478,0,0,1
2026-07-18 12:38:41,Zone2,29.4,72.9,0.0,41.8,30.68,479,0,0,1
2026-07-18 12:38:41,Zone1,29.4,66.5,69.75,0.0,0.0,669,1,0,0
2026-07-18 12:38:42,Zone1,29.4,66.5,82.75,0.0,0.0,662,1,0,0
2026-07-18 12:38:42,Zone1,29.4,66.5,76.06,0.0,0.0,669,1,0,0
2026-07-18 12:38:43,Zone2,29.4,73.0,46.0,41.8,30.64,473,0,0,0
2026-07-18 12:38:43,Zone1,29.4,66.5,65.75,36.94,0.0,663,0,0,0
2026-07-18 12:38:44,Zone2,29.4,73.0,46.0,41.29,30.45,472,0,0,0
2026-07-18 12:38:44,Zone1,29.5,66.5,72.69,89.07,0.0,666,0,0,0
2026-07-18 12:38:45,Zone2,29.4,73.2,42.67,41.26,30.59,481,0,0,0
2026-07-18 12:38:45,Zone1,29.5,66.5,72.31,0.0,0.0,657,1,0,0
2026-07-18 12:38:46,Zone2,29.4,73.2,42.67,41.15,30.45,474,0,0,0
2026-07-18 12:38:46,Zone1,29.5,66.5,63.31,76.2,0.0,585,0,0,0
2026-07-18 12:38:46,Zone2,29.4,73.5,50.0,40.88,30.64,469,0,0,0
2026-07-18 12:38:47,Zone1,29.5,66.5,60.0,62.89,0.0,663,0,0,0
2026-07-18 12:38:47,Zone1,0.0,0.0,88.06,86.93,0.0,663,0,0,0
2026-07-18 12:38:48,Zone2,29.4,73.5,43.33,40.27,29.73,478,0,0,0
2026-07-18 12:38:48,Zone1,0.0,0.0,88.0,87.88,0.0,665,0,0,0
2026-07-18 12:38:49,Zone2,29.4,73.9,40.67,39.56,30.05,468,0,0,0
2026-07-18 12:38:49,Zone1,0.0,0.0,74.94,87.2,0.0,663,0,0,0
2026-07-18 12:38:50,Zone1,0.0,0.0,65.69,86.93,0.0,663,0,0,0
2026-07-18 12:38:50,Zone2,29.4,73.9,38.67,39.59,30.09,478,0,0,0
2026-07-18 12:38:51,Zone1,0.0,0.0,33.25,86.93,0.0,657,0,0,0
2026-07-18 12:38:51,Zone2,29.4,73.8,42.0,38.91,29.86,479,0,0,0
2026-07-18 12:38:51,Zone1,0.0,0.0,0.0,86.32,0.0,663,0,0,1
2026-07-18 12:38:51,Zone1,0.0,0.0,0.0,86.93,0.0,661,0,0,1
2026-07-18 12:38:51,Zone2,29.4,73.8,42.67,38.1,29.82,475,0,0,0
2026-07-18 12:38:51,Zone1,0.0,0.0,0.0,90.46,0.0,576,0,0,1
2026-07-18 12:38:52,Zone1,0.0,0.0,0.0,85.5,0.0,659,0,0,1
2026-07-18 12:38:52,Zone1,0.0,0.0,0.0,84.86,0.0,663,0,0,1
2026-07-18 12:38:52,Zone1,0.0,0.0,0.0,84.65,0.0,659,0,0,1
2026-07-18 12:38:52,Zone1,0.0,0.0,0.0,84.21,0.0,661,0,0,1
2026-07-18 12:38:53,Zone2,29.4,73.6,38.67,37.96,29.73,481,0,0,0
2026-07-18 12:38:53,Zone1,0.0,0.0,0.0,84.01,0.0,666,0,0,1
2026-07-18 12:38:54,Zone1,0.0,0.0,0.0,83.12,0.0,671,0,0,1
2026-07-18 12:38:54,Zone2,29.4,73.6,37.33,38.17,29.86,505,0,0,0
2026-07-18 12:38:55,Zone1,0.0,0.0,0.0,83.7,0.0,656,0,0,1
2026-07-18 12:38:55,Zone2,29.4,73.8,41.33,37.56,29.77,486,0,0,0
2026-07-18 12:38:55,Zone1,0.0,0.0,0.0,83.33,0.0,659,0,0,1
2026-07-18 12:38:56,Zone1,0.0,0.0,0.0,83.46,0.0,656,0,0,1
2026-07-18 12:38:56,Zone2,29.4,73.8,42.0,37.11,29.91,480,0,0,0
2026-07-18 12:38:57,Zone1,0.0,0.0,0.0,82.72,0.0,662,0,0,1
2026-07-18 12:38:57,Zone2,29.4,73.6,36.67,36.67,30.55,475,0,0,0
2026-07-18 12:38:58,Zone1,0.0,0.0,0.0,82.61,0.0,666,0,0,1
2026-07-18 12:38:58,Zone2,29.4,73.6,37.33,35.93,30.14,477,0,0,0
2026-07-18 12:38:59,Zone1,0.0,0.0,0.0,82.0,0.0,658,0,0,1
2026-07-18 12:39:00,Zone2,29.4,72.9,42.67,37.15,29.95,480,0,0,0
2026-07-18 12:39:00,Zone1,0.0,0.0,0.0,81.53,0.0,663,0,0,1
2026-07-18 12:39:01,Zone2,29.4,72.9,39.33,34.5,30.27,465,1,0,0
2026-07-18 12:39:01,Zone1,0.0,0.0,86.0,81.87,0.0,661,0,0,0
2026-07-18 12:39:01,Zone2,29.4,73.6,36.0,34.09,30.5,478,1,0,0
2026-07-18 12:39:02,Zone1,0.0,0.0,87.37,81.43,0.0,659,0,0,0
2026-07-18 12:39:02,Zone2,29.4,73.6,42.0,33.41,31.0,479,1,0,0
2026-07-18 12:39:02,Zone1,0.0,0.0,87.81,80.75,0.0,657,0,0,0
2026-07-18 12:39:02,Zone2,29.4,74.0,46.67,33.01,30.64,481,1,0,0
2026-07-18 12:39:03,Zone1,0.0,0.0,92.06,80.81,0.0,665,0,0,0
2026-07-18 12:39:04,Zone2,29.4,74.0,44.67,34.77,30.91,469,1,0,0
2026-07-18 12:39:04,Zone1,0.0,0.0,91.87,80.58,0.0,662,0,0,0
2026-07-18 12:39:05,Zone2,29.4,73.7,40.67,34.77,34.41,485,1,0,0
2026-07-18 12:39:05,Zone1,0.0,0.0,92.06,77.32,0.0,656,0,0,0
2026-07-18 12:39:06,Zone2,29.4,73.7,38.0,33.68,31.27,467,1,0,0
2026-07-18 12:39:06,Zone1,0.0,0.0,91.94,80.17,0.0,662,0,0,0
2026-07-18 12:39:06,Zone2,29.4,73.1,42.67,33.85,30.68,479,1,0,0
2026-07-18 12:39:07,Zone1,0.0,0.0,92.56,79.39,0.0,667,0,0,0
2026-07-18 12:39:07,Zone1,0.0,0.0,90.06,79.08,0.0,587,0,0,0
2026-07-18 12:39:08,Zone2,29.4,73.1,44.0,33.82,30.64,469,1,0,0
2026-07-18 12:39:08,Zone1,0.0,0.0,89.56,79.22,0.0,658,0,0,0
2026-07-18 12:39:09,Zone2,29.4,72.6,36.67,33.31,30.68,470,1,0,0
2026-07-18 12:39:09,Zone1,0.0,0.0,88.06,78.57,0.0,657,0,0,0
2026-07-18 12:39:10,Zone2,29.4,72.6,36.67,34.19,30.68,483,1,0,0
2026-07-18 12:39:10,Zone1,0.0,0.0,87.44,78.4,0.0,662,0,0,0
2026-07-18 12:39:11,Zone1,0.0,0.0,88.06,78.51,0.0,661,0,0,0
2026-07-18 12:39:11,Zone2,29.4,72.5,44.67,32.56,30.55,477,1,0,0
2026-07-18 12:39:12,Zone1,0.0,0.0,87.87,78.23,0.0,658,0,0,0
2026-07-18 12:39:12,Zone2,29.4,72.5,43.33,32.02,30.64,495,1,0,0
2026-07-18 12:39:12,Zone1,0.0,0.0,87.19,77.96,0.0,658,0,0,0
2026-07-18 12:39:13,Zone1,0.0,0.0,90.12,77.62,0.0,658,0,0,0
2026-07-18 12:39:13,Zone2,29.4,72.2,34.67,31.95,30.64,451,1,0,0
2026-07-18 12:39:14,Zone1,0.0,0.0,91.12,77.18,0.0,659,0,0,0
2026-07-18 12:39:14,Zone2,29.4,72.2,35.33,32.09,30.27,478,1,0,0
2026-07-18 12:39:15,Zone1,0.0,0.0,91.19,76.77,0.0,658,0,0,0
2026-07-18 12:39:15,Zone2,29.4,72.2,46.0,31.92,30.59,467,1,0,0
2026-07-18 12:39:16,Zone1,0.0,0.0,92.06,77.08,0.0,666,0,0,0
2026-07-18 12:39:16,Zone2,29.4,72.2,20.67,31.44,31.14,480,1,0,1
2026-07-18 12:39:17,Zone1,0.0,0.0,88.06,76.47,0.0,658,0,0,0
2026-07-18 12:39:17,Zone2,29.4,72.4,28.0,31.75,30.77,473,1,0,1
2026-07-18 12:39:17,Zone1,0.0,0.0,88.06,64.62,0.0,662,0,0,0
2026-07-18 12:39:18,Zone1,0.0,0.0,87.25,18.81,54.29,658,1,0,0
2026-07-18 12:39:18,Zone2,29.4,72.4,32.0,30.93,30.5,478,1,0,0
2026-07-18 12:39:19,Zone1,0.0,0.0,87.12,25.98,69.14,667,1,0,0
2026-07-18 12:39:20,Zone2,29.4,72.9,50.67,30.93,30.68,480,1,0,0
2026-07-18 12:39:20,Zone1,0.0,0.0,84.5,9.98,20.95,640,1,0,0
2026-07-18 12:39:20,Zone2,29.4,72.9,50.0,31.1,30.86,481,1,0,0
2026-07-18 12:39:21,Zone1,0.0,0.0,85.44,9.92,20.95,658,1,0,0
2026-07-18 12:39:21,Zone2,29.4,72.7,2.0,30.56,30.91,482,1,0,1
2026-07-18 12:39:22,Zone1,0.0,0.0,85.12,10.42,20.0,656,1,0,0
2026-07-18 12:39:23,Zone2,29.4,72.7,0.0,30.87,31.18,483,1,0,1
2026-07-18 12:39:23,Zone1,0.0,0.0,85.12,9.75,20.0,661,1,0,0
2026-07-18 12:39:23,Zone2,29.4,72.6,0.0,31.21,30.95,469,1,0,1
2026-07-18 12:39:23,Zone1,0.0,0.0,84.06,9.58,19.43,663,1,0,0
2026-07-18 12:39:24,Zone1,0.0,0.0,84.31,9.68,18.48,662,1,0,0
2026-07-18 12:39:24,Zone2,29.4,72.6,0.0,30.63,31.27,469,1,0,1
2026-07-18 12:39:25,Zone1,0.0,0.0,84.44,9.81,19.24,656,1,0,0
2026-07-18 12:39:25,Zone2,29.4,72.3,0.0,30.7,31.36,475,1,0,1
2026-07-18 12:39:26,Zone1,0.0,0.0,84.69,9.98,19.62,659,1,0,0
2026-07-18 12:39:26,Zone2,29.4,72.3,44.0,30.05,31.5,481,1,0,0
2026-07-18 12:39:27,Zone1,0.0,0.0,90.06,9.75,17.33,657,1,0,0
2026-07-18 12:39:28,Zone2,29.4,72.1,44.67,30.25,31.5,475,1,0,0
2026-07-18 12:39:28,Zone1,0.0,0.0,89.94,10.29,17.52,658,1,0,0
2026-07-18 12:39:28,Zone2,29.4,72.1,0.0,29.75,31.55,477,1,0,1
2026-07-18 12:39:28,Zone1,0.0,0.0,90.12,9.78,19.43,655,1,0,0
2026-07-18 12:39:29,Zone1,0.0,0.0,90.0,9.51,19.24,658,1,0,0
2026-07-18 12:39:30,Zone1,0.0,0.0,86.31,9.71,19.43,667,1,0,0
2026-07-18 12:39:30,ne2,29.4,72.4,0.0,28.86,31.27,481,1,0,1
2026-07-18 12:39:30,Zone1,0.0,0.0,86.94,9.81,20.0,661,1,0,0
2026-07-18 12:39:31,Zone1,0.0,0.0,84.44,40.17,0.0,654,0,0,0
2026-07-18 12:39:31,Zone2,29.4,72.4,0.0,29.2,31.18,480,1,0,1
2026-07-18 12:39:32,Zone1,0.0,0.0,85.06,82.85,0.0,656,0,0,0
2026-07-18 12:39:32,Zone2,29.4,72.0,0.0,28.59,31.27,481,1,0,1
2026-07-18 12:39:33,Zone1,0.0,0.0,84.31,83.06,0.0,662,0,0,0
2026-07-18 12:39:33,Zone2,29.4,72.0,0.0,28.73,30.95,486,1,0,1
2026-07-18 12:39:33,Zone2,29.4,72.6,0.0,27.67,30.82,478,1,0,1
2026-07-18 12:39:33,Zone1,0.0,0.0,87.56,83.02,0.0,656,0,0,0
2026-07-18 12:39:34,Zone2,29.4,72.6,0.0,27.67,30.27,487,1,0,1
2026-07-18 12:39:34,Zone1,0.0,0.0,82.94,82.68,0.0,657,0,0,0
2026-07-18 12:39:35,Zone2,29.4,72.7,0.0,27.16,30.41,480,1,0,1
2026-07-18 12:39:35,Zone1,0.0,0.0,83.0,81.29,0.0,658,0,0,0
2026-07-18 12:39:36,Zone1,0.0,0.0,88.06,80.0,0.0,657,0,0,0
2026-07-18 12:39:36,Zone2,29.4,72.7,0.0,26.69,30.09,477,1,0,1
2026-07-18 12:39:37,Zone1,0.0,0.0,90.44,77.49,0.0,660,0,0,0
2026-07-18 12:39:37,Zone2,29.4,72.4,0.0,26.45,29.86,466,1,0,1
2026-07-18 12:39:37,Zone1,0.0,0.0,91.37,77.66,0.0,653,0,0,0
2026-07-18 12:39:38,Zone2,29.4,72.4,0.0,25.98,30.14,466,1,0,1
2026-07-18 12:39:38,Zone1,0.0,0.0,92.12,75.52,0.0,653,0,0,0
2026-07-18 12:39:39,Zone1,0.0,0.0,92.12,77.62,0.0,660,0,0,0
2026-07-18 12:39:40,e2,29.4,72.4,46.0,25.98,29.82,477,1,0,0
2026-07-18 12:39:40,Zone1,0.0,0.0,91.94,76.4,0.0,661,0,0,0
2026-07-18 12:39:41,Zone2,29.4,72.4,0.0,24.58,29.77,484,1,0,1
2026-07-18 12:39:41,Zone1,0.0,0.0,92.19,74.77,0.0,658,0,0,0
2026-07-18 12:39:42,Zone2,29.4,72.4,0.0,24.18,29.68,459,1,0,1
2026-07-18 12:39:42,Zone1,0.0,0.0,92.12,75.48,0.0,663,0,0,0
2026-07-18 12:39:43,Zone2,29.4,72.4,0.0,23.33,29.82,476,1,0,1
2026-07-18 12:39:43,Zone1,0.0,0.0,86.56,73.85,0.0,656,0,0,0
2026-07-18 12:39:44,Zone2,29.5,72.4,0.0,22.82,29.82,481,1,0,1
2026-07-18 12:39:44,Zone1,0.0,0.0,86.25,77.18,0.0,654,0,0,0
2026-07-18 12:39:44,Zone2,29.5,72.4,0.0,22.72,29.77,474,1,0,1
2026-07-18 12:39:45,Zone1,0.0,0.0,85.25,77.86,0.0,655,0,0,0
2026-07-18 12:39:45,Zone2,29.5,72.2,0.0,22.38,29.91,475,1,0,1
2026-07-18 12:39:46,Zone1,0.0,0.0,84.06,27.16,5.14,656,1,0,0
2026-07-18 12:39:46,Zone2,29.5,72.2,0.0,21.87,29.5,483,1,0,1
2026-07-18 12:39:47,Zone1,29.6,66.4,86.31,10.29,41.9,627,1,0,0
2026-07-18 12:39:47,Zone2,29.5,72.3,0.0,22.24,29.82,487,1,0,1
2026-07-18 12:39:48,Zone1,29.6,66.4,87.25,8.29,43.05,674,1,0,0
2026-07-18 12:39:48,Zone2,29.5,72.3,0.0,21.32,29.77,464,1,0,1
2026-07-18 12:39:48,Zone1,29.6,66.4,87.5,4.99,41.14,656,1,0,0
2026-07-18 12:39:49,Zone1,29.6,66.4,88.06,52.84,0.0,656,0,0,0
2026-07-18 12:39:49,Zone2,29.5,72.3,0.0,21.05,29.68,478,1,0,1
2026-07-18 12:39:50,Zone1,0.0,0.0,88.06,6.99,42.48,658,1,0,0
2026-07-18 12:39:50,Zone2,29.5,72.3,0.0,20.61,29.59,479,1,0,1
2026-07-18 12:39:51,Zone1,0.0,0.0,89.5,6.25,43.81,661,1,0,0
2026-07-18 12:39:51,Zone2,29.5,72.2,0.0,20.17,29.23,464,1,0,1
2026-07-18 12:39:52,Zone1,0.0,0.0,88.06,7.71,40.76,655,1,0,0
2026-07-18 12:39:52,Zone1,0.0,0.0,90.12,7.74,41.33,657,1,0,0
2026-07-18 12:39:52,Zone2,29.5,72.2,0.0,20.65,29.41,483,1,0,1
2026-07-18 12:39:53,Zone1,29.7,66.3,56.38,6.99,24.0,653,1,0,0
2026-07-18 12:39:53,Zone2,29.5,72.1,0.0,20.07,29.5,486,1,0,1
2026-07-18 12:39:54,Zone1,29.7,66.3,65.81,6.99,15.81,651,1,0,0
2026-07-18 12:39:54,Zone2,29.5,72.1,40.67,22.24,29.36,478,1,0,0
2026-07-18 12:39:55,Zone2,29.5,72.0,42.67,22.61,29.32,490,1,0,0
2026-07-18 12:39:55,Zone1,29.7,66.3,74.69,8.73,0.0,647,1,0,0
2026-07-18 12:39:55,Zone1,29.7,66.3,78.81,8.49,0.0,720,1,0,0
2026-07-18 12:39:55,Zone1,29.7,66.3,88.06,7.13,0.0,647,1,0,0
2026-07-18 12:39:56,Zone1,29.7,66.3,89.94,9.41,0.0,655,1,0,0
2026-07-18 12:39:56,Zone2,29.5,72.0,41.33,22.34,29.27,470,1,0,0
2026-07-18 12:39:57,Zone1,29.7,66.3,80.25,11.24,0.0,650,1,0,0
2026-07-18 12:39:57,Zone2,29.5,72.3,32.67,22.95,29.23,471,1,0,0
2026-07-18 12:39:57,Zone1,29.7,66.3,91.0,9.54,0.0,659,1,0,0
2026-07-18 12:39:58,Zone1,29.7,66.3,86.75,9.54,0.0,656,1,0,0
2026-07-18 12:39:58,Zone2,29.5,72.3,22.0,22.61,29.59,473,1,0,1
2026-07-18 12:39:59,Zone1,29.7,66.3,86.44,9.03,0.0,652,1,0,0
2026-07-18 12:39:59,Zone2,29.5,72.1,21.33,22.31,29.32,482,1,0,1
2026-07-18 12:40:00,Zone1,29.7,66.3,73.19,8.12,0.0,661,1,0,0
2026-07-18 12:40:00,Zone2,29.5,72.1,38.67,22.89,29.5,485,1,0,0
2026-07-18 12:40:00,Zone1,29.7,66.3,61.25,9.17,0.0,651,1,0,0
2026-07-18 12:40:01,Zone1,29.7,66.2,0.0,8.18,0.0,659,1,0,1
2026-07-18 12:40:01,Zone2,29.5,71.9,47.33,90.08,29.82,480,0,0,0
2026-07-18 12:40:01,Zone1,29.7,66.2,0.0,8.46,0.0,656,1,0,1
2026-07-18 12:40:02,Zone1,29.7,66.2,0.0,8.05,0.0,656,1,0,1
2026-07-18 12:40:02,Zone2,29.5,71.9,42.67,92.87,34.77,482,0,0,0
2026-07-18 12:40:03,Zone1,29.7,66.2,0.0,8.18,0.0,640,1,0,1
2026-07-18 12:40:03,Zone2,29.5,71.7,36.67,60.14,42.09,483,0,0,0
2026-07-18 12:40:04,Zone1,29.8,66.2,0.0,7.71,0.0,657,1,0,1
2026-07-18 12:40:05,Zone2,29.5,71.7,38.67,58.17,45.0,481,0,0,0
2026-07-18 12:40:05,Zone1,29.8,66.2,0.0,7.03,0.0,647,1,0,1
2026-07-18 12:40:05,Zone2,29.5,71.8,36.67,54.6,49.55,479,0,0,0
2026-07-18 12:40:05,Zone1,29.8,66.2,0.0,6.32,0.0,671,1,0,1
2026-07-18 12:40:06,Zone1,29.8,66.2,0.0,7.13,0.0,656,1,0,1
2026-07-18 12:40:06,Zone2,29.5,71.8,45.33,54.09,50.36,483,0,0,0
2026-07-18 12:40:06,Zone1,29.8,66.1,85.31,7.74,0.0,655,1,0,0
2026-07-18 12:40:07,Zone1,29.8,66.1,88.06,6.69,0.0,645,1,0,0
2026-07-18 12:40:08,Zone2,29.5,71.6,44.0,54.13,51.09,477,0,0,0
2026-07-18 12:40:08,Zone1,29.8,66.1,87.19,7.16,0.0,667,1,0,0
2026-07-18 12:40:08,Zone2,29.5,71.6,44.0,54.06,51.36,482,0,0,0
2026-07-18 12:40:09,Zone1,29.8,66.1,86.5,7.03,0.0,645,1,0,0
2026-07-18 12:40:09,Zone2,29.5,71.4,34.0,53.75,51.73,480,0,0,0
2026-07-18 12:40:10,Zone1,29.8,66.1,85.75,7.91,0.0,657,1,0,0
2026-07-18 12:40:10,Zone2,29.5,71.4,32.0,54.3,51.95,479,0,0,0
2026-07-18 12:40:10,Zone1,29.8,66.1,85.94,6.28,0.0,668,1,0,0
2026-07-18 12:40:10,Zone1,29.8,66.1,87.0,6.52,0.0,645,1,0,0
2026-07-18 12:40:11,Zone2,29.5,71.4,46.0,54.3,51.86,477,0,0,0
2026-07-18 12:40:11,Zone1,29.8,66.1,87.12,7.64,0.0,604,1,0,0
2026-07-18 12:40:12,Zone1,29.8,66.1,86.56,6.69,0.0,656,1,0,0
2026-07-18 12:40:12,Zone2,29.5,71.4,46.67,54.67,51.91,479,0,0,0
2026-07-18 12:40:13,Zone1,29.8,66.1,86.19,6.45,0.0,651,1,0,0
2026-07-18 12:40:13,Zone2,29.5,71.4,42.0,54.16,52.32,473,0,0,0
2026-07-18 12:40:13,Zone1,29.8,66.1,86.0,6.21,0.0,659,1,0,0
2026-07-18 12:40:14,Zone2,29.5,71.4,42.0,48.96,55.41,481,0,0,0
2026-07-18 12:40:14,Zone1,29.8,66.1,85.5,5.43,0.0,658,1,0,0
2026-07-18 12:40:15,Zone1,29.8,66.1,86.44,5.57,0.0,653,1,0,0
2026-07-18 12:40:15,Zone2,29.5,71.4,40.67,35.93,84.77,475,0,0,0
2026-07-18 12:40:15,Zone1,29.8,66.1,87.12,7.06,0.0,690,1,0,0
2026-07-18 12:40:15,Zone1,29.8,66.1,87.12,6.55,0.0,657,1,0,0
2026-07-18 12:40:16,Zone1,29.8,66.1,87.81,5.3,0.0,655,1,0,0
2026-07-18 12:40:16,Zone2,29.5,71.4,40.67,33.58,89.55,478,1,0,0
2026-07-18 12:40:17,Zone1,29.8,66.1,86.5,6.11,0.0,594,1,0,0
2026-07-18 12:40:17,Zone1,29.8,66.1,86.06,5.37,0.0,658,1,0,0
2026-07-18 12:40:17,Zone2,29.5,71.2,52.67,28.79,87.77,478,1,0,0
2026-07-18 12:40:18,Zone2,29.5,71.2,46.0,31.27,86.55,475,1,0,0
2026-07-18 12:40:18,Zone1,29.8,66.1,85.69,5.5,0.0,655,1,0,0
2026-07-18 12:40:19,Zone1,29.8,66.1,85.19,6.86,0.0,572,1,0,0
2026-07-18 12:40:19,Zone2,29.6,71.1,38.0,33.14,84.59,486,1,0,0
2026-07-18 12:40:20,Zone1,29.8,66.1,86.5,5.67,0.0,653,1,0,0
2026-07-18 12:40:20,Zone2,29.6,71.1,41.33,32.63,84.41,483,1,0,0
2026-07-18 12:40:20,Zone1,29.8,66.1,87.12,5.03,0.0,645,1,0,0
2026-07-18 12:40:21,Zone1,29.8,66.1,87.31,5.4,0.0,609,1,0,0
2026-07-18 12:40:21,Zone2,29.5,71.1,44.67,33.01,82.91,471,1,0,0
2026-07-18 12:40:22,Zone1,29.8,66.1,87.56,6.11,0.0,656,1,0,0
2026-07-18 12:40:22,Zone2,29.5,71.1,42.67,29.47,79.77,473,1,0,0
2026-07-18 12:40:23,Zone1,29.8,66.1,86.69,4.92,0.0,672,1,0,0
2026-07-18 12:40:23,Zone2,29.6,71.1,44.67,30.7,79.59,476,1,0,0
2026-07-18 12:40:23,Zone1,29.8,66.1,86.94,4.89,0.0,593,1,0,0
2026-07-18 12:40:24,Zone1,29.8,66.1,87.19,5.94,0.0,651,1,0,0
2026-07-18 12:40:24,Zone2,29.6,71.1,44.0,31.68,78.91,480,1,0,0
2026-07-18 12:40:24,Zone1,29.8,66.1,87.37,5.5,0.0,653,1,0,0
2026-07-18 12:40:25,Zone1,29.8,66.1,73.06,7.03,0.0,662,1,0,0
2026-07-18 12:40:26,Zone2,29.6,71.2,38.0,31.04,78.0,470,1,0,0
2026-07-18 12:40:26,Zone1,29.8,66.1,0.0,5.81,0.0,646,1,0,1
2026-07-18 12:40:26,Zone2,29.6,71.2,34.0,31.38,77.59,481,1,0,0
2026-07-18 12:40:27,Zone1,29.8,66.1,0.0,5.47,0.0,656,1,0,1
2026-07-18 12:40:27,Zone1,29.8,66.1,0.0,5.47,0.0,672,1,0,1
2026-07-18 12:40:28,Zone2,29.6,71.2,42.67,31.78,77.23,477,1,0,0
2026-07-18 12:40:28,Zone1,29.8,66.0,0.0,4.69,0.0,653,1,0,1
2026-07-18 12:40:29,Zone2,29.6,71.2,41.33,31.41,76.45,492,1,0,0
2026-07-18 12:40:29,Zone1,29.8,66.0,0.0,6.62,0.0,649,1,0,1
2026-07-18 12:40:29,Zone2,29.6,71.1,34.0,31.0,76.27,481,1,0,0
2026-07-18 12:40:29,Zone1,29.8,66.0,0.0,5.09,0.0,706,1,0,1
2026-07-18 12:40:30,Zone1,29.8,66.0,0.0,6.15,0.0,652,1,0,1
2026-07-18 12:40:30,Zone2,29.6,71.1,35.33,31.78,76.14,482,1,0,0
2026-07-18 12:40:30,Zone1,29.8,66.0,0.0,4.35,0.0,656,1,0,1
2026-07-18 12:40:31,Zone2,29.6,71.0,40.67,32.05,75.64,490,1,0,0
2026-07-18 12:40:31,Zone1,29.8,66.0,0.0,5.43,0.0,638,1,0,1
2026-07-18 12:40:32,Zone1,29.8,66.0,0.0,4.96,0.0,654,1,0,1
2026-07-18 12:40:33,Zone2,29.6,71.0,38.67,31.88,75.32,482,1,0,0
2026-07-18 12:40:33,Zone1,29.8,66.0,0.0,8.08,0.0,655,1,0,1
2026-07-18 12:40:33,Zone2,29.6,71.0,42.0,32.22,74.95,477,1,0,0
2026-07-18 12:40:34,Zone1,29.8,66.0,0.0,5.7,0.0,643,1,0,1
2026-07-18 12:40:34,Zone2,29.6,71.0,41.33,34.36,75.09,479,1,0,0
2026-07-18 12:40:34,Zone1,29.8,66.0,0.0,5.16,0.0,656,1,0,1
2026-07-18 12:40:35,Zone1,29.8,66.0,0.0,4.65,0.0,652,1,0,1
2026-07-18 12:40:36,Zone2,29.6,71.1,39.33,35.28,74.82,483,0,0,0
2026-07-18 12:40:36,Zone1,29.8,66.0,0.0,5.6,0.0,652,1,0,1
2026-07-18 12:40:37,Zone2,29.6,71.1,40.67,36.6,74.59,482,0,0,0
2026-07-18 12:40:37,Zone1,29.8,66.0,0.0,5.4,0.0,654,1,0,1
2026-07-18 12:40:38,Zone2,29.6,71.0,42.67,35.89,74.32,476,0,0,0
2026-07-18 12:40:38,Zone1,29.8,66.0,0.0,6.42,0.0,647,1,0,1
2026-07-18 12:40:39,Zone1,29.8,66.0,0.0,5.33,0.0,642,1,0,1
2026-07-18 12:40:39,Zone2,29.6,71.0,42.67,39.63,42.18,475,0,0,0
2026-07-18 12:40:40,Zone1,29.8,66.0,0.0,5.57,0.0,656,1,0,1
2026-07-18 12:40:40,Zone2,29.6,71.0,39.33,80.68,16.91,480,0,0,0
2026-07-18 12:40:40,Zone1,29.9,66.0,0.0,5.64,0.0,643,1,0,1
2026-07-18 12:40:41,Zone2,29.6,71.0,35.33,67.84,31.41,481,0,0,0
2026-07-18 12:40:41,Zone1,29.9,66.0,0.0,4.89,0.0,656,1,0,1
2026-07-18 12:40:41,Zone2,29.6,71.1,44.67,64.11,36.64,478,0,0,0
2026-07-18 12:40:41,Zone1,29.9,66.0,0.0,4.89,0.0,668,1,0,1
2026-07-18 12:40:42,Zone1,29.9,66.0,0.0,3.9,0.0,511,1,0,1
2026-07-18 12:40:42,Zone2,29.6,71.1,42.0,63.97,37.59,479,0,0,0
2026-07-18 12:40:43,Zone1,29.8,65.9,0.0,6.45,0.0,657,1,0,1
2026-07-18 12:40:43,Zone1,29.8,65.9,0.0,4.41,0.0,645,1,0,1
2026-07-18 12:40:43,Zone2,29.6,71.1,35.33,63.87,38.09,481,0,0,0
2026-07-18 12:40:44,Zone1,29.8,65.9,0.0,5.03,0.0,647,1,0,1
2026-07-18 12:40:45,Zone2,29.6,71.1,34.67,64.07,38.59,478,0,0,0
2026-07-18 12:40:45,Zone1,29.8,65.9,0.0,4.75,0.0,661,1,0,1
2026-07-18 12:40:45,Zone2,29.6,71.0,43.33,64.45,38.86,475,0,0,0
2026-07-18 12:40:46,Zone1,29.9,66.0,85.0,6.04,0.0,652,1,0,0
2026-07-18 12:40:46,Zone2,29.6,71.0,43.33,64.28,39.36,478,0,0,0
2026-07-18 12:40:47,Zone1,29.9,66.0,88.06,5.94,0.0,640,1,0,0
2026-07-18 12:40:48,Zone2,29.6,71.0,36.0,64.24,39.36,482,0,0,0
2026-07-18 12:40:48,Zone1,29.9,66.0,89.94,5.87,0.0,650,1,0,0
2026-07-18 12:40:49,Zone1,29.9,66.0,88.06,5.7,0.0,644,1,0,0
2026-07-18 12:40:49,Zone2,29.6,71.0,33.33,64.07,40.0,482,0,0,0
2026-07-18 12:40:50,Zone1,29.9,65.9,82.75,4.69,0.0,661,1,0,0
2026-07-18 12:40:50,Zone2,29.6,71.0,43.33,64.28,39.77,489,0,0,0
2026-07-18 12:40:50,Zone2,29.6,71.0,43.33,61.6,41.36,481,0,0,0
2026-07-18 12:40:50,Zone1,29.9,65.9,83.12,4.86,0.0,651,1,0,0
2026-07-18 12:40:51,Zone1,29.9,65.9,83.06,4.21,0.0,657,1,0,0
2026-07-18 12:40:52,Zone2,29.6,70.9,34.0,52.7,55.86,483,0,0,0
2026-07-18 12:40:52,Zone1,29.9,65.9,83.12,6.86,0.0,656,1,0,0
2026-07-18 12:40:53,Zone2,29.6,70.9,34.0,58.81,46.5,475,0,0,0
2026-07-18 12:40:54,Zone2,29.7,70.9,24.0,35.52,86.86,480,0,0,1
2026-07-18 12:40:55,Zone2,29.7,70.9,18.0,35.69,74.77,474,0,0,1
2026-07-18 12:40:56,Zone2,29.7,70.9,11.33,36.47,61.41,479,0,0,1
2026-07-18 12:40:57,Zone2,29.7,70.9,14.67,36.88,52.68,481,0,0,1
2026-07-18 12:40:57,Zone2,29.7,70.8,15.33,36.47,52.82,475,0,0,1
2026-07-18 12:40:59,Zone2,29.7,70.8,32.0,35.31,48.86,478,0,0,0
2026-07-18 12:40:59,Zone2,29.7,70.8,40.0,34.02,49.59,489,1,0,0
2026-07-18 12:41:00,Zone2,29.7,70.8,36.67,34.09,50.91,475,1,0,0
2026-07-18 12:41:02,Zone2,29.7,70.8,39.33,33.89,46.45,468,1,0,0
2026-07-18 12:41:03,Zone2,29.7,70.8,40.0,33.82,42.91,482,1,0,0
2026-07-18 12:41:05,Zone2,29.7,70.9,54.0,33.11,41.95,468,1,0,0
2026-07-18 12:43:08,Zone1,29.9,65.7,90.5,19.42,0.0,626,1,0,0
2026-07-18 12:43:08,Zone1,29.9,65.7,90.44,19.32,0.0,634,1,0,0
2026-07-18 12:43:09,Zone1,29.9,65.7,90.31,19.46,0.0,625,1,0,0
2026-07-18 12:43:10,Zone1,29.9,65.7,90.69,18.47,0.0,630,1,0,0
2026-07-18 12:43:11,Zone2,29.5,71.9,50.0,9.58,40.23,497,1,0,0
2026-07-18 12:43:11,Zone1,29.9,65.7,84.94,19.46,0.0,631,1,0,0
2026-07-18 12:43:11,Zone2,29.5,71.9,42.67,10.08,40.18,464,1,0,0
2026-07-18 12:43:12,Zone1,29.9,65.7,84.81,19.69,0.0,619,1,0,0
2026-07-18 12:43:13,Zone2,29.5,71.5,33.33,8.76,40.0,489,1,0,0
2026-07-18 12:43:13,Zone2,29.5,71.5,19.33,9.2,40.14,478,1,0,1
2026-07-18 12:43:13,Zone1,29.9,65.7,84.75,19.46,0.0,638,1,0,0
2026-07-18 12:43:14,Zone1,29.9,65.7,85.12,19.15,0.0,640,1,0,0
2026-07-18 12:43:15,Zone2,29.5,71.7,4.0,8.22,40.0,475,1,0,1
2026-07-18 12:43:15,Zone2,29.5,71.7,1.33,8.93,39.41,478,1,0,1
2026-07-18 12:43:16,Zone1,29.9,65.6,88.06,19.29,0.0,624,1,0,0
2026-07-18 12:43:17,Zone2,29.5,72.0,3.33,9.61,39.59,471,1,0,1
2026-07-18 12:43:17,Zone1,29.9,65.6,87.06,19.08,0.0,635,1,0,0
2026-07-18 12:43:17,Zone2,29.5,72.0,0.0,8.22,39.82,471,1,0,1
2026-07-18 12:43:17,Zone1,29.9,65.6,86.25,19.02,0.0,633,1,0,0
2026-07-18 12:43:18,Zone1,29.9,65.6,79.19,18.61,0.0,633,1,0,0
2026-07-18 12:43:18,Zone2,29.4,71.9,0.67,8.29,39.59,484,1,0,1
2026-07-18 12:43:18,Zone1,29.9,65.6,0.0,18.81,0.0,624,1,0,1
2026-07-18 12:43:19,Zone1,29.9,65.6,0.0,19.46,0.0,628,1,0,1
2026-07-18 12:43:20,Zone2,29.4,71.9,0.0,8.12,39.5,480,1,0,1
2026-07-18 12:43:20,Zone1,29.9,65.6,0.0,18.91,0.0,634,1,0,1
2026-07-18 12:43:20,Zone2,29.4,71.9,6.67,8.66,39.86,474,1,0,1
2026-07-18 12:43:21,Zone2,29.4,71.9,8.0,8.62,39.77,464,1,0,1
2026-07-18 12:43:21,Zone1,29.9,65.6,0.0,19.63,0.0,640,1,0,1
2026-07-18 12:43:23,Zone1,29.9,65.6,0.0,19.56,0.0,628,1,0,1
2026-07-18 12:43:23,Zone2,29.4,71.8,40.0,8.52,38.55,477,1,0,0
2026-07-18 12:43:24,Zone1,29.9,65.6,0.0,19.42,0.0,624,1,0,1
2026-07-18 12:43:24,Zone2,29.4,71.8,36.67,7.81,38.59,475,1,0,0
2026-07-18 12:43:25,Zone1,29.9,65.6,0.0,19.93,0.0,625,1,0,1
2026-07-18 12:43:26,Zone2,29.4,71.7,42.67,8.18,38.73,483,1,0,0
2026-07-18 12:43:26,Zone1,29.9,65.6,0.0,18.95,0.0,647,1,0,1
2026-07-18 12:43:27,Zone2,29.4,71.7,38.67,8.62,40.5,474,1,0,0
2026-07-18 12:43:27,Zone2,29.4,71.9,20.67,8.12,40.5,475,1,0,1
2026-07-18 12:43:27,Zone1,29.9,65.6,0.0,19.49,0.0,625,1,0,1
2026-07-18 12:43:27,Zone2,29.4,71.9,0.0,8.59,40.18,480,1,0,1
2026-07-18 12:43:28,Zone1,29.9,65.6,0.0,19.02,0.0,635,1,0,1
2026-07-18 12:43:29,Zone2,29.4,71.8,0.0,7.67,40.59,479,1,0,1
2026-07-18 12:43:29,Zone1,29.9,65.6,0.0,18.27,0.0,627,1,0,1
2026-07-18 12:43:30,Zone2,29.4,71.8,0.0,8.32,40.59,469,1,0,1
2026-07-18 12:43:30,Zone1,29.9,65.6,0.0,19.05,0.0,624,1,0,1
2026-07-18 12:43:31,Zone2,29.4,72.0,0.0,8.32,40.55,478,1,0,1
2026-07-18 12:43:31,Zone1,29.9,65.6,0.0,19.02,0.0,635,1,0,1
2026-07-18 12:43:31,Zone2,29.4,72.0,0.0,7.88,40.41,480,1,0,1
2026-07-18 12:43:31,Zone1,29.9,65.6,0.0,20.92,0.0,629,1,0,1
2026-07-18 12:43:32,Zone1,29.9,65.6,0.0,18.47,0.0,624,1,0,1
2026-07-18 12:43:33,Zone2,29.4,72.0,0.0,7.57,40.32,486,1,0,1
2026-07-18 12:43:34,Zone1,29.9,65.6,0.0,18.95,0.0,626,1,0,1
2026-07-18 12:43:34,Zone2,29.4,72.0,0.0,8.22,40.27,485,1,0,1
2026-07-18 12:43:34,Zone2,29.4,72.0,0.0,6.93,40.32,477,1,0,1
2026-07-18 12:43:35,Zone1,29.9,65.6,77.12,19.02,0.0,625,1,0,0
2026-07-18 12:43:36,Zone1,29.9,65.6,85.44,18.98,0.0,639,1,0,0
2026-07-18 12:43:36,Zone2,29.4,72.0,0.0,8.56,40.5,470,1,0,1
2026-07-18 12:43:36,Zone2,29.4,71.9,41.33,7.13,40.0,476,1,0,0
2026-07-18 12:43:36,Zone1,29.9,65.6,85.06,18.57,0.0,626,1,0,0
2026-07-18 12:43:37,Zone1,29.9,65.6,85.0,18.37,0.0,623,1,0,0
2026-07-18 12:43:38,Zone2,29.4,71.9,20.67,7.03,39.77,479,1,0,1
2026-07-18 12:43:38,Zone1,29.9,65.6,90.94,18.61,0.0,690,1,0,0
2026-07-18 12:43:39,Zone2,29.4,72.3,28.67,8.05,40.0,483,1,0,1
2026-07-18 12:43:39,Zone1,29.9,65.6,91.0,19.42,0.0,640,1,0,0
2026-07-18 12:43:40,Zone2,29.4,72.3,32.0,7.1,40.0,482,1,0,0
2026-07-18 12:43:40,Zone1,29.9,65.6,90.19,18.3,0.0,631,1,0,0
2026-07-18 12:43:41,Zone2,29.4,72.3,23.33,8.56,39.77,474,1,0,1
2026-07-18 12:43:41,Zone1,29.9,65.6,90.81,18.47,0.0,631,1,0,0
2026-07-18 12:43:42,Zone2,29.4,72.3,24.67,8.56,40.0,479,1,0,1
2026-07-18 12:43:42,Zone1,29.9,65.6,85.19,18.34,0.0,631,1,0,0
2026-07-18 12:43:43,Zone2,29.4,72.3,32.0,7.74,39.95,479,1,0,0
2026-07-18 12:43:43,Zone1,29.9,65.6,84.87,18.61,0.0,624,1,0,0
2026-07-18 12:43:44,Zone2,29.4,72.3,31.33,6.69,39.77,490,1,0,0
2026-07-18 12:43:44,Zone1,29.9,65.6,85.12,18.51,0.0,628,1,0,0
2026-07-18 12:43:45,Zone2,29.4,72.2,31.33,8.01,39.86,477,1,0,0
2026-07-18 12:43:46,Zone1,29.9,65.6,85.12,18.4,0.0,649,1,0,0
2026-07-18 12:43:46,Zone2,29.4,72.2,32.0,7.54,39.95,472,1,0,0
2026-07-18 12:43:46,Zone2,29.4,72.0,35.33,7.91,40.0,480,1,0,0
2026-07-18 12:43:46,Zone1,29.9,65.6,86.62,18.34,0.0,627,1,0,0
2026-07-18 12:43:48,Zone1,29.9,65.6,86.44,18.2,0.0,633,1,0,0
2026-07-18 12:43:48,Zone2,29.4,72.0,34.0,7.4,39.91,491,1,0,0
2026-07-18 12:43:49,Zone1,29.9,65.6,86.19,18.78,0.0,606,1,0,0
2026-07-18 12:43:49,Zone2,29.4,72.3,44.0,7.4,39.73,487,1,0,0
2026-07-18 12:43:50,Zone1,29.9,65.6,86.06,17.66,0.0,634,1,0,0
2026-07-18 12:43:50,Zone1,29.9,65.6,89.31,17.72,0.0,634,1,0,0
2026-07-18 12:43:50,Zone2,29.4,72.3,44.0,8.12,39.82,481,1,0,0
2026-07-18 12:43:51,Zone1,29.9,65.6,89.75,19.73,0.0,630,1,0,0
2026-07-18 12:43:52,Zone2,29.4,72.3,38.0,7.61,39.68,478,1,0,0
2026-07-18 12:43:53,Zone1,29.9,65.6,90.56,17.66,0.0,638,1,0,0
2026-07-18 12:43:53,Zone2,29.4,72.3,30.0,6.79,39.55,480,1,0,0
2026-07-18 12:43:53,Zone2,29.4,72.1,3.33,7.1,39.36,482,1,0,1
2026-07-18 12:43:54,Zone1,29.9,65.6,89.56,18.03,0.0,628,1,0,0
2026-07-18 12:43:54,Zone1,29.9,65.6,83.75,18.81,0.0,627,1,0,0
2026-07-18 12:43:54,Zone2,29.4,72.1,36.67,12.9,38.14,484,1,0,0
2026-07-18 12:43:54,Zone1,29.9,65.6,84.12,18.13,0.0,623,1,0,0
2026-07-18 12:43:55,Zone1,29.9,65.6,84.37,18.34,0.0,631,1,0,0
2026-07-18 12:43:55,Zone2,29.4,71.9,10.67,72.05,29.14,478,0,0,1
2026-07-18 12:43:56,Zone1,29.9,65.6,84.31,18.0,0.0,624,1,0,0
2026-07-18 12:43:56,Zone2,29.4,71.9,10.0,71.07,29.86,474,0,0,1
2026-07-18 12:43:57,Zone1,29.9,65.7,88.06,17.79,0.0,637,1,0,0
2026-07-18 12:43:57,Zone2,29.4,72.1,36.0,34.8,93.82,463,1,0,0
2026-07-18 12:43:58,Zone1,29.9,65.7,88.06,18.06,0.0,625,1,0,0
2026-07-18 12:43:58,Zone2,29.4,72.1,0.0,35.28,86.95,487,0,0,1
2026-07-18 12:43:59,Zone2,29.4,72.3,38.67,35.93,86.68,486,0,0,0
2026-07-18 12:43:59,Zone1,29.9,65.7,87.94,17.89,0.0,642,1,0,0
2026-07-18 12:43:59,Zone1,29.9,65.7,88.0,17.72,0.0,624,1,0,0
2026-07-18 12:43:59,Zone1,29.9,65.7,88.06,18.68,0.0,635,1,0,0
2026-07-18 12:44:00,Zone2,29.4,72.3,38.0,34.77,84.55,474,1,0,0
2026-07-18 12:44:00,Zone1,29.9,65.7,86.81,18.4,0.0,631,1,0,0
2026-07-18 12:44:01,Zone2,29.4,72.9,42.67,35.25,83.64,490,0,0,0
2026-07-18 12:44:01,Zone1,29.9,65.7,4.44,18.1,0.0,641,1,0,1
2026-07-18 12:44:02,Zone2,29.4,72.9,43.33,34.26,82.86,483,1,0,0
2026-07-18 12:44:02,Zone1,29.9,65.7,0.0,17.39,0.0,624,1,0,1
2026-07-18 12:44:02,Zone2,29.4,72.8,32.0,35.21,81.95,483,0,0,0
2026-07-18 12:44:02,Zone1,29.9,65.7,0.0,17.39,0.0,624,1,0,1
2026-07-18 12:44:03,Zone1,29.9,65.7,0.0,17.59,0.0,619,1,0,1
2026-07-18 12:44:04,Zone2,29.4,72.8,32.67,34.3,80.86,485,1,0,0
2026-07-18 12:44:04,Zone1,29.9,65.7,0.0,17.39,0.0,637,1,0,1
2026-07-18 12:44:05,Zone1,29.9,65.7,0.0,16.88,0.0,635,1,0,1
2026-07-18 12:44:05,Zone2,29.4,72.7,42.0,34.77,80.68,481,1,0,0
2026-07-18 12:44:05,Zone1,29.9,65.7,0.0,17.39,0.0,635,1,0,1
2026-07-18 12:44:06,Zone2,29.4,72.7,38.0,34.33,79.32,482,1,0,0
2026-07-18 12:44:06,Zone1,29.9,65.7,0.0,16.94,0.0,639,1,0,1
2026-07-18 12:44:06,Zone2,29.4,72.5,39.33,33.55,79.14,483,1,0,0
2026-07-18 12:44:07,Zone1,29.9,65.7,0.0,17.52,0.0,631,1,0,1
2026-07-18 12:44:08,Zone1,29.9,65.7,0.0,17.66,0.0,629,1,0,1
2026-07-18 12:44:08,Zone2,29.4,72.5,41.33,33.68,78.36,481,1,0,0
2026-07-18 12:44:09,Zone1,29.9,65.7,0.0,17.39,0.0,637,1,0,1
2026-07-18 12:44:09,Zone2,29.4,72.5,32.67,35.28,77.82,473,0,0,0
2026-07-18 12:44:10,Zone1,29.9,65.7,0.0,16.81,0.0,625,1,0,1
2026-07-18 12:44:10,Zone2,29.4,72.5,32.67,37.86,77.36,477,0,0,0
2026-07-18 12:44:10,Zone1,29.9,65.7,0.0,17.66,0.0,624,1,0,1
2026-07-18 12:44:11,Zone2,29.4,72.5,38.0,37.45,76.86,483,0,0,0
2026-07-18 12:44:11,Zone1,29.9,65.7,0.0,18.06,0.0,634,1,0,1
2026-07-18 12:44:12,Zone1,29.9,65.7,0.0,16.81,0.0,639,1,0,1
2026-07-18 12:44:12,Zone2,29.4,72.5,42.67,36.03,76.68,479,0,0,0
2026-07-18 12:44:12,Zone1,29.9,65.7,0.0,17.42,0.0,631,1,0,1
2026-07-18 12:44:13,Zone2,29.4,72.4,33.33,35.89,46.5,483,0,0,0
2026-07-18 12:44:14,Zone1,29.9,65.7,0.0,17.45,0.0,630,1,0,1
2026-07-18 12:44:14,Zone2,29.4,72.4,11.33,73.79,20.5,477,0,0,1
2026-07-18 12:44:14,Zone1,29.9,65.7,84.81,15.65,0.0,589,1,0,0
2026-07-18 12:44:15,Zone1,29.9,65.7,91.44,17.39,0.0,638,1,0,0
2026-07-18 12:44:15,Zone2,29.4,72.8,38.0,66.35,33.18,471,0,0,0
2026-07-18 12:44:15,Zone1,29.9,65.7,91.06,16.77,0.0,625,1,0,0
2026-07-18 12:44:16,Zone2,29.4,72.8,10.67,63.57,39.05,475,0,0,1
2026-07-18 12:44:16,Zone1,29.9,65.7,91.12,16.64,0.0,627,1,0,0
2026-07-18 12:44:17,Zone2,29.4,72.7,4.67,58.3,42.91,484,0,0,1
2026-07-18 12:44:17,Zone1,29.9,65.7,91.12,17.39,0.0,635,1,0,0
2026-07-18 12:44:18,Zone1,29.9,65.7,85.12,17.39,0.0,631,1,0,0
2026-07-18 12:44:18,Zone2,29.4,72.7,12.67,34.19,82.36,496,1,0,1
2026-07-18 12:44:19,Zone2,29.4,72.9,10.67,28.39,63.27,470,1,0,1
2026-07-18 12:44:19,Zone1,29.9,65.7,85.25,16.81,0.0,637,1,0,0
2026-07-18 12:44:19,Zone2,29.4,72.9,10.67,33.58,61.41,479,1,0,1
2026-07-18 12:44:20,Zone1,29.9,65.7,86.06,17.45,0.0,627,1,0,0
2026-07-18 12:44:21,Zone2,29.4,72.8,11.33,34.16,58.05,476,1,0,1
2026-07-18 12:44:21,Zone1,29.9,65.7,85.44,16.74,0.0,632,1,0,0
2026-07-18 12:44:22,Zone2,29.4,72.8,10.67,35.28,50.18,483,0,0,1
2026-07-18 12:44:22,Zone1,29.9,65.7,87.0,16.81,0.0,593,1,0,0
2026-07-18 12:44:23,Zone2,29.4,72.5,30.67,36.84,89.95,494,0,0,0
2026-07-18 12:44:24,Zone1,29.9,65.7,86.56,30.46,0.0,624,1,0,0
2026-07-18 12:44:24,Zone2,29.4,72.5,32.67,36.37,85.09,481,0,0,0
2026-07-18 12:44:25,Zone1,29.9,65.7,75.44,27.61,0.0,629,1,0,0
2026-07-18 12:44:25,Zone2,29.4,72.3,32.0,37.32,81.5,482,0,0,0
2026-07-18 12:44:25,Zone1,29.9,65.7,71.0,69.61,0.0,635,0,0,0
2026-07-18 12:44:26,Zone2,29.4,72.3,32.0,64.14,21.09,470,0,0,0
2026-07-18 12:44:26,Zone1,29.9,65.7,72.75,74.43,0.0,636,0,0,0
2026-07-18 12:44:27,Zone2,29.4,72.3,43.33,76.67,27.36,473,0,0,0
2026-07-18 12:44:27,Zone1,29.9,65.7,65.56,44.41,1.14,637,0,0,0
2026-07-18 12:44:28,Zone1,29.9,65.7,88.06,37.42,36.76,638,0,0,0
2026-07-18 12:44:28,Zone2,29.4,72.3,38.67,66.99,39.0,479,0,0,0
2026-07-18 12:44:29,Zone1,29.9,65.7,85.94,37.45,36.76,626,0,0,0
2026-07-18 12:44:29,Zone2,29.4,72.2,32.67,64.92,43.64,474,0,0,0
2026-07-18 12:44:30,Zone1,29.9,65.7,74.81,85.26,0.0,626,0,0,0
2026-07-18 12:44:30,Zone2,29.4,72.2,32.0,62.99,45.23,479,0,0,0
2026-07-18 12:44:31,Zone1,29.9,65.7,68.06,70.36,0.0,625,0,0,0
2026-07-18 12:44:31,Zone2,29.4,72.7,40.0,62.82,45.05,479,0,0,0
2026-07-18 12:44:32,Zone1,29.9,65.7,79.12,76.71,0.0,681,0,0,0
2026-07-18 12:44:32,Zone2,29.4,72.7,42.0,62.34,46.36,476,0,0,0
2026-07-18 12:44:32,Zone1,29.9,65.7,73.12,68.79,0.0,630,0,0,0
2026-07-18 12:44:33,Zone1,29.9,65.7,80.94,23.23,100.0,638,1,0,0
2026-07-18 12:44:33,Zone2,29.4,73.5,38.67,62.34,46.95,477,0,0,0
2026-07-18 12:44:33,Zone1,29.9,65.7,77.56,22.99,100.0,633,1,0,0
2026-07-18 12:44:34,Zone2,29.4,73.5,38.67,61.87,44.77,477,0,0,0
2026-07-18 12:44:34,Zone1,29.9,65.7,61.81,22.41,100.0,629,1,0,0
2026-07-18 12:44:35,Zone2,29.4,73.0,41.33,61.66,45.23,483,0,0,0
2026-07-18 12:44:35,Zone1,29.9,65.7,60.19,23.33,100.0,631,1,0,0
2026-07-18 12:44:36,Zone2,29.4,73.0,33.33,61.63,45.09,542,0,0,0
2026-07-18 12:44:36,Zone2,29.4,73.0,36.0,61.73,45.23,484,0,0,0
2026-07-18 12:44:36,Zone1,29.9,65.7,84.75,24.21,100.0,626,1,0,0
2026-07-18 12:44:37,Zone1,29.9,65.7,85.25,25.2,100.0,625,1,0,0
2026-07-18 12:44:38,Zone2,29.4,73.0,42.0,61.46,45.36,480,0,0,0
2026-07-18 12:44:38,Zone1,29.9,65.7,85.69,23.5,100.0,630,1,0,0
2026-07-18 12:44:39,Zone1,29.9,65.7,85.94,21.8,100.0,624,1,0,0
2026-07-18 12:44:39,Zone2,29.4,72.4,33.33,61.39,45.32,479,0,0,0
2026-07-18 12:44:40,Zone1,29.9,65.6,82.81,24.18,100.0,629,1,0,0
2026-07-18 12:44:40,Zone2,29.4,72.4,34.0,61.87,45.36,485,0,0,0
2026-07-18 12:44:40,Zone1,29.9,65.6,82.69,24.35,100.0,625,1,0,0
2026-07-18 12:44:41,Zone2,29.4,72.4,36.67,61.53,45.64,479,0,0,0
2026-07-18 12:44:41,Zone1,29.9,65.6,82.75,25.5,100.0,624,1,0,0
2026-07-18 12:44:42,Zone1,29.9,65.6,82.44,24.72,100.0,630,1,0,0
2026-07-18 12:44:42,Zone2,29.4,72.4,44.67,61.29,45.82,477,0,0,0
2026-07-18 12:44:43,Zone1,29.9,65.6,88.06,25.2,100.0,629,1,0,0
2026-07-18 12:44:43,Zone2,29.4,72.4,34.67,61.12,46.5,478,0,0,0
2026-07-18 12:44:44,Zone1,29.9,65.6,88.06,25.5,100.0,627,1,0,0
2026-07-18 12:44:44,Zone2,29.4,72.4,33.33,59.35,48.23,479,0,0,0
2026-07-18 12:44:45,Zone1,29.9,65.6,87.94,26.49,100.0,631,1,0,0
2026-07-18 12:44:45,Zone2,29.4,72.8,42.67,16.1,90.09,473,1,0,0
2026-07-18 12:44:45,Zone2,29.4,72.8,42.67,15.01,89.18,483,1,0,0
2026-07-18 12:44:46,Zone1,29.9,65.6,88.06,24.21,100.0,631,1,0,0
2026-07-18 12:44:47,Zone2,29.4,72.8,39.33,15.96,87.41,492,1,0,0
2026-07-18 12:44:47,Zone1,29.9,65.6,83.31,24.99,100.0,636,1,0,0
2026-07-18 12:44:48,Zone2,29.4,72.8,38.67,8.56,86.68,477,1,0,0
2026-07-18 12:44:48,Zone1,29.9,65.6,83.37,26.35,100.0,629,1,0,0
2026-07-18 12:44:49,Zone2,29.4,72.4,42.67,5.64,85.91,476,1,0,0
2026-07-18 12:44:49,Zone1,29.9,65.6,83.56,25.6,100.0,626,1,0,0
2026-07-18 12:44:49,Zone2,29.4,72.4,36.0,4.55,85.36,478,1,0,0
2026-07-18 12:44:49,Zone1,29.9,65.6,83.81,26.52,100.0,624,1,0,0
2026-07-18 12:44:51,Zone1,29.9,65.6,85.06,24.41,100.0,625,1,0,0
2026-07-18 12:44:51,Zone2,29.5,71.9,42.67,4.18,84.95,493,1,0,0
2026-07-18 12:44:51,Zone1,29.9,65.6,84.94,26.21,100.0,627,1,0,0
2026-07-18 12:44:52,Zone2,29.5,71.9,42.0,3.87,84.41,494,1,0,0
2026-07-18 12:44:52,Zone1,29.9,65.6,85.06,26.89,100.0,625,1,0,0
2026-07-18 12:44:52,Zone2,29.4,71.8,36.67,4.24,83.59,481,1,0,0
2026-07-18 12:44:53,Zone2,29.4,71.8,38.67,4.11,82.95,473,1,0,0
2026-07-18 12:44:53,Zone1,29.9,65.6,84.81,27.03,100.0,624,1,0,0
2026-07-18 12:44:54,Zone1,29.9,65.5,87.31,28.01,100.0,640,1,0,0
2026-07-18 12:44:55,Zone2,29.5,71.7,44.0,4.52,82.64,480,1,0,0
2026-07-18 12:44:56,Zone1,29.9,65.5,87.12,27.74,100.0,625,1,0,0
2026-07-18 12:44:56,Zone2,29.5,71.7,42.67,3.87,82.18,482,1,0,0
2026-07-18 12:44:57,Zone1,29.9,65.5,87.12,28.59,100.0,630,1,0,0
2026-07-18 12:44:57,Zone2,29.4,71.6,20.0,3.23,81.86,484,1,0,1
2026-07-18 12:44:58,Zone2,29.4,71.6,34.0,2.68,81.32,482,1,0,0
2026-07-18 12:44:58,Zone1,29.9,65.5,87.44,28.76,100.0,629,1,0,0
2026-07-18 12:44:59,Zone2,29.4,71.5,44.0,4.89,80.73,471,1,0,0
2026-07-18 12:44:59,Zone1,29.9,65.5,82.0,29.2,100.0,625,1,0,0
2026-07-18 12:45:00,Zone1,29.9,65.5,81.94,28.22,100.0,650,1,0,0
2026-07-18 12:45:00,Zone2,29.4,71.5,44.0,8.9,81.0,479,1,0,0
2026-07-18 12:45:01,Zone1,29.9,65.5,82.25,25.81,100.0,624,1,0,0
2026-07-18 12:45:01,Zone2,29.5,71.6,38.0,3.12,80.95,479,1,0,0
2026-07-18 12:45:02,Zone1,29.9,65.5,82.25,24.24,100.0,627,1,0,0
2026-07-18 12:45:03,Zone2,29.5,71.6,36.0,4.86,80.09,481,1,0,0
2026-07-18 12:45:03,Zone2,29.5,71.9,45.33,4.07,79.41,479,1,0,0
2026-07-18 12:45:04,Zone1,29.9,65.4,87.87,48.66,0.0,624,0,0,0
2026-07-18 12:45:04,Zone2,29.5,71.9,42.67,0.68,79.27,482,1,0,0
2026-07-18 12:45:05,Zone1,29.9,65.4,87.94,47.44,4.95,629,0,0,0
2026-07-18 12:45:05,Zone2,29.4,71.9,38.67,2.72,79.27,486,1,0,0
2026-07-18 12:45:06,Zone1,29.9,65.4,88.06,71.14,0.0,624,0,0,0
2026-07-18 12:45:07,Zone2,29.4,71.9,36.0,80.2,13.55,479,0,0,0
2026-07-18 12:45:07,Zone1,29.9,65.4,88.06,75.48,0.0,624,0,0,0
2026-07-18 12:45:07,Zone2,29.5,72.0,39.33,72.12,26.32,480,0,0,0
2026-07-18 12:45:08,Zone1,29.9,65.5,84.0,71.78,0.0,632,0,0,0
2026-07-18 12:45:08,Zone2,29.5,72.0,39.33,66.49,34.14,476,0,0,0
2026-07-18 12:45:09,Zone1,29.9,65.5,83.94,68.86,0.0,628,0,0,0
2026-07-18 12:45:09,Zone2,29.5,72.3,38.67,62.0,50.05,479,0,0,0
2026-07-18 12:45:09,Zone1,29.9,65.5,83.56,62.95,0.0,624,0,0,0
2026-07-18 12:45:09,Zone1,29.9,65.5,58.19,65.6,0.0,630,0,0,0
2026-07-18 12:45:10,Zone1,29.9,65.5,62.06,59.12,0.0,624,0,0,0
2026-07-18 12:45:10,Zone2,29.5,72.3,38.0,62.92,49.55,479,0,0,0
2026-07-18 12:45:11,Zone1,29.9,65.5,62.44,26.59,9.52,624,1,0,0
2026-07-18 12:45:11,Zone2,29.5,72.0,36.67,57.42,58.45,480,0,0,0
2026-07-18 12:45:12,Zone2,29.5,72.0,36.67,57.01,56.91,483,0,0,0
2026-07-18 12:45:12,Zone1,29.9,65.5,61.0,26.86,11.62,626,1,0,0
2026-07-18 12:45:13,Zone2,29.5,71.8,48.67,56.94,57.0,475,0,0,0
2026-07-18 12:45:13,Zone1,29.9,65.5,65.0,26.99,0.0,633,1,0,0
2026-07-18 12:45:13,Zone1,29.9,65.5,72.0,26.59,0.0,626,1,0,0
2026-07-18 12:45:14,Zone1,29.9,65.5,71.12,26.83,0.0,627,1,0,0
2026-07-18 12:45:14,Zone2,29.5,71.8,42.0,56.98,56.68,481,0,0,0
2026-07-18 12:45:15,Zone2,29.5,71.8,38.67,58.1,55.45,483,0,0,0
2026-07-18 12:45:15,Zone1,29.9,65.5,71.94,26.45,0.0,624,1,0,0
2026-07-18 12:45:16,Zone2,29.5,71.8,36.0,58.0,55.5,479,0,0,0
2026-07-18 12:45:16,Zone1,29.9,65.5,71.12,26.62,0.0,633,1,0,0
2026-07-18 12:45:16,Zone2,29.5,72.4,44.0,58.44,56.0,478,0,0,0
2026-07-18 12:45:17,Zone1,29.9,65.5,67.19,26.89,0.0,631,1,0,0
2026-07-18 12:45:18,Zone2,29.5,72.4,42.67,57.59,56.27,479,0,0,0
2026-07-18 12:45:18,Zone1,29.9,65.5,67.12,26.72,0.0,623,1,0,0
2026-07-18 12:45:19,Zone2,29.5,71.8,36.0,58.13,56.0,496,0,0,0
2026-07-18 12:45:19,Zone2,29.5,71.8,35.33,57.66,55.73,479,0,0,0
2026-07-18 12:45:19,Zone1,29.9,65.5,67.12,26.79,0.0,622,1,0,0
2026-07-18 12:45:20,Zone1,29.9,65.5,68.94,26.93,0.0,626,1,0,0
2026-07-18 12:45:20,Zone2,29.5,71.5,42.67,58.17,56.09,481,0,0,0
2026-07-18 12:45:21,Zone1,29.9,65.5,77.31,26.76,100.0,625,1,0,0
2026-07-18 12:45:22,Zone2,29.5,71.5,42.67,57.45,56.45,480,0,0,0
2026-07-18 12:45:23,Zone1,29.9,65.5,83.0,26.79,100.0,626,1,0,0
2026-07-18 12:45:23,Zone2,29.5,71.3,34.67,57.79,56.27,482,0,0,0
2026-07-18 12:45:24,Zone1,29.9,65.5,81.5,26.66,100.0,638,1,0,0
2026-07-18 12:45:24,Zone2,29.5,71.3,38.0,54.5,56.0,479,0,0,0
2026-07-18 12:45:25,Zone2,29.5,71.5,42.0,58.54,49.09,479,0,0,0
2026-07-18 12:45:25,Zone1,29.9,65.5,85.69,26.89,100.0,621,1,0,0
2026-07-18 12:45:26,Zone2,29.5,71.5,42.0,58.71,50.32,482,0,0,0
2026-07-18 12:45:26,Zone1,30.0,65.4,81.25,26.59,100.0,623,1,0,0
2026-07-18 12:45:27,Zone1,30.0,65.4,81.12,26.45,100.0,603,1,0,0
2026-07-18 12:45:28,2,29.5,71.3,38.0,30.63,89.45,482,1,0,0
2026-07-18 12:45:28,Zone1,30.0,65.4,81.69,26.79,100.0,627,1,0,0
2026-07-18 12:45:29,Zone2,29.5,71.3,34.67,22.34,87.59,494,1,0,0
2026-07-18 12:45:29,Zone1,30.0,65.4,82.06,82.78,0.0,624,0,0,0
2026-07-18 12:45:29,Zone2,29.5,71.5,36.67,43.94,86.0,480,0,0,0
2026-07-18 12:45:30,Zone1,30.0,65.4,82.31,79.39,0.0,627,0,0,0
2026-07-18 12:45:30,Zone2,29.5,71.5,44.67,46.76,86.14,485,0,0,0
2026-07-18 12:45:31,Zone1,30.0,65.4,84.06,74.23,0.0,626,0,0,0
2026-07-18 12:45:31,Zone2,29.5,71.7,35.33,49.37,85.32,481,0,0,0
2026-07-18 12:45:32,Zone2,29.5,71.7,36.0,42.85,84.14,484,0,0,0
2026-07-18 12:45:32,Zone1,30.0,65.4,84.06,69.13,0.0,627,0,0,0
2026-07-18 12:45:32,Zone2,29.5,71.7,44.0,32.77,83.05,473,1,0,0
2026-07-18 12:45:33,Zone1,30.0,65.4,84.12,66.01,0.0,624,0,0,0
2026-07-18 12:45:34,Zone1,29.9,65.4,86.94,64.28,0.0,625,0,0,0
2026-07-18 12:45:34,Zone2,29.5,71.7,43.33,50.42,82.18,482,0,0,0
2026-07-18 12:45:34,Zone1,29.9,65.4,86.81,63.36,0.0,627,0,0,0
2026-07-18 12:45:35,Zone2,29.5,71.7,36.0,53.75,82.09,486,0,0,0
2026-07-18 12:45:35,Zone1,29.9,65.4,86.81,62.95,0.0,627,0,0,0
2026-07-18 12:45:35,Zone2,29.5,71.7,36.0,55.18,81.18,478,0,0,0
2026-07-18 12:45:35,Zone1,29.9,65.4,86.94,62.44,0.0,621,0,0,0
2026-07-18 12:45:36,Zone1,29.9,65.5,81.25,62.21,0.0,624,0,0,0
2026-07-18 12:45:37,Zone2,29.5,71.5,42.67,56.4,80.86,475,0,0,0
2026-07-18 12:45:37,Zone1,29.9,65.5,81.69,62.31,0.0,623,0,0,0
2026-07-18 12:45:38,Zone2,29.5,71.5,44.67,60.78,80.5,478,0,0,0
2026-07-18 12:45:39,Zone1,29.9,65.5,82.19,61.77,0.0,624,0,0,0
2026-07-18 12:45:39,Zone2,29.5,71.5,32.67,69.0,25.23,482,0,0,0
2026-07-18 12:45:39,Zone1,29.9,65.5,82.0,62.21,0.0,628,0,0,0
2026-07-18 12:45:40,Zone1,29.9,65.5,88.06,62.28,0.0,624,0,0,0
2026-07-18 12:45:40,Zone2,29.5,71.5,22.0,67.27,34.23,480,0,0,1
2026-07-18 12:45:40,Zone1,29.9,65.5,87.94,61.32,0.0,625,0,0,0
2026-07-18 12:45:41,Zone1,29.9,65.5,89.44,58.4,0.0,624,0,0,0
2026-07-18 12:45:41,Zone2,29.5,71.8,0.0,64.41,38.77,483,0,0,1
2026-07-18 12:45:41,Zone1,29.9,65.5,87.75,61.15,0.0,625,0,0,0
2026-07-18 12:45:42,Zone2,29.5,71.8,0.0,63.46,40.64,477,0,0,1
2026-07-18 12:45:42,Zone1,29.9,65.5,84.31,60.92,0.0,625,0,0,0
2026-07-18 12:45:43,Zone2,29.6,72.0,0.0,62.99,42.05,479,0,0,1
2026-07-18 12:45:43,Zone1,29.9,65.5,82.06,60.92,0.0,624,0,0,0
2026-07-18 12:45:43,e2,29.6,72.0,14.67,62.99,43.64,469,0,0,1
2026-07-18 12:45:43,Zone1,29.9,65.5,82.81,60.98,0.0,631,0,0,0
2026-07-18 12:45:44,Zone1,29.9,65.5,82.56,61.12,0.0,624,0,0,0
2026-07-18 12:45:45,Zone2,29.6,71.7,0.0,62.68,43.64,471,0,0,1
2026-07-18 12:45:45,Zone1,30.0,65.5,86.56,61.02,0.0,624,0,0,0
2026-07-18 12:45:46,Zone2,29.6,71.7,0.0,62.72,44.05,479,0,0,1
2026-07-18 12:45:47,Zone1,30.0,65.5,86.75,61.36,0.0,629,0,0,0
2026-07-18 12:45:47,Zone2,29.5,71.3,0.0,62.44,44.36,481,0,0,1
2026-07-18 12:45:47,Zone1,30.0,65.5,87.06,61.15,0.0,622,0,0,0
2026-07-18 12:45:48,Zone2,29.5,71.3,0.0,62.21,44.64,480,0,0,1
2026-07-18 12:45:48,Zone1,30.0,65.5,87.12,61.12,0.0,626,0,0,0
2026-07-18 12:45:49,Zone2,29.5,72.0,0.0,61.53,45.27,480,0,0,1
2026-07-18 12:45:50,Zone1,30.0,65.6,84.81,61.02,0.0,627,0,0,0
2026-07-18 12:45:51,Zone2,29.5,72.0,0.0,61.53,45.73,479,0,0,1
2026-07-18 12:45:51,Zone1,30.0,65.6,84.81,61.29,0.0,624,0,0,0
2026-07-18 12:45:52,Zone2,29.6,72.0,0.0,61.39,45.77,479,0,0,1
2026-07-18 12:45:52,Zone1,30.0,65.6,84.5,61.36,0.0,627,0,0,0
2026-07-18 12:45:52,Zone2,29.6,72.0,0.0,60.07,46.27,467,0,0,1
2026-07-18 12:45:52,Zone1,30.0,65.6,84.19,61.12,0.0,615,0,0,0
2026-07-18 12:45:52,Zone1,29.9,65.5,84.44,61.46,0.0,631,0,0,0
2026-07-18 12:45:53,Zone1,29.9,65.5,85.12,61.32,0.0,626,0,0,0
2026-07-18 12:45:53,Zone2,29.6,71.8,0.0,61.39,46.5,480,0,0,1
2026-07-18 12:45:54,Zone1,29.9,65.5,85.12,61.02,0.0,631,0,0,0
2026-07-18 12:45:54,Zone2,29.6,71.8,0.0,61.36,46.5,477,0,0,1
2026-07-18 12:45:55,Zone1,29.9,65.5,85.94,61.46,0.0,621,0,0,0
2026-07-18 12:45:55,Zone2,29.5,71.4,34.0,61.26,49.23,482,0,0,0
2026-07-18 12:45:56,Zone1,30.0,65.6,87.12,61.36,0.0,631,0,0,0
2026-07-18 12:45:56,Zone2,29.5,71.4,41.33,61.36,49.86,478,0,0,0
2026-07-18 12:45:56,Zone1,30.0,65.6,86.69,61.15,0.0,624,0,0,0
2026-07-18 12:45:57,Zone1,30.0,65.6,85.56,61.32,0.0,625,0,0,0
2026-07-18 12:45:57,Zone2,29.6,71.0,40.67,61.29,48.59,477,0,0,0
2026-07-18 12:45:57,Zone1,30.0,65.6,85.25,50.83,11.24,624,0,0,0
2026-07-18 12:45:57,Zone1,30.0,65.6,82.69,28.12,100.0,626,1,0,0
2026-07-18 12:45:58,Zone2,29.6,71.0,42.67,61.12,49.64,481,0,0,0
2026-07-18 12:45:58,Zone1,30.0,65.6,82.5,28.69,100.0,631,1,0,0
2026-07-18 12:45:59,Zone1,30.0,65.6,83.19,30.02,100.0,631,1,0,0
2026-07-18 12:46:00,e2,29.6,71.0,32.0,61.05,49.32,477,0,0,0
2026-07-18 12:46:00,Zone1,30.0,65.6,83.56,28.01,100.0,627,1,0,0
2026-07-18 12:46:01,Zone1,30.0,65.5,86.5,28.93,100.0,629,1,0,0
2026-07-18 12:46:01,Zone2,29.6,71.0,38.0,60.98,49.45,478,0,0,0
2026-07-18 12:46:01,Zone1,30.0,65.5,87.19,31.41,100.0,481,1,0,0
2026-07-18 12:46:02,Zone2,29.6,70.9,44.67,60.81,48.95,481,0,0,0
2026-07-18 12:46:02,Zone1,30.0,65.5,87.19,29.54,100.0,630,1,0,0
2026-07-18 12:46:02,Zone2,29.6,70.9,42.67,60.58,49.5,479,0,0,0
2026-07-18 12:46:03,Zone1,30.0,65.5,87.12,29.07,100.0,625,1,0,0
2026-07-18 12:46:03,Zone2,29.6,71.0,0.0,60.48,49.86,480,0,0,1
2026-07-18 12:46:04,Zone1,30.0,65.5,81.56,28.76,100.0,627,1,0,0
2026-07-18 12:46:04,Zone2,29.6,71.0,0.0,60.78,49.95,479,0,0,1
2026-07-18 12:46:05,Zone1,30.0,65.5,81.81,29.81,100.0,626,1,0,0
2026-07-18 12:46:05,Zone2,29.6,71.1,0.0,60.65,50.68,483,0,0,1
2026-07-18 12:46:06,Zone1,30.0,65.5,81.75,29.2,100.0,624,1,0,0
2026-07-18 12:46:06,Zone2,29.6,71.1,0.0,60.71,49.64,479,0,0,1
2026-07-18 12:46:07,Zone1,30.0,65.5,82.06,28.73,100.0,625,1,0,0
2026-07-18 12:46:07,Zone2,29.6,71.3,0.0,60.71,50.14,481,0,0,1
2026-07-18 12:46:08,Zone1,30.0,65.4,88.06,28.76,100.0,624,1,0,0
2026-07-18 12:46:08,Zone2,29.6,71.3,0.0,60.44,49.95,482,0,0,1
2026-07-18 12:46:09,Zone1,30.0,65.4,88.06,29.07,100.0,636,1,0,0
2026-07-18 12:46:09,Zone2,29.6,71.4,0.0,60.44,49.77,477,0,0,1
2026-07-18 12:46:10,Zone1,30.0,65.4,88.06,29.13,100.0,624,1,0,0
2026-07-18 12:46:10,Zone2,29.6,71.4,48.67,60.51,49.91,476,0,0,0
2026-07-18 12:46:11,Zone1,30.0,65.4,88.0,29.07,100.0,626,1,0,0
2026-07-18 12:46:11,Zone2,29.6,71.3,42.67,60.44,48.09,479,0,0,0
2026-07-18 12:46:12,Zone1,30.0,65.4,81.94,28.79,100.0,624,1,0,0
2026-07-18 12:46:12,Zone2,29.6,71.3,42.67,60.41,49.64,480,0,0,0
2026-07-18 12:46:12,Zone1,30.0,65.4,81.56,28.76,100.0,658,1,0,0
2026-07-18 12:46:12,Zone1,30.0,65.4,81.75,29.0,100.0,623,1,0,0
2026-07-18 12:46:24,Zone1,30.1,64.9,83.31,57.11,0.0,618,0,0,0
2026-07-18 12:46:24,Zone1,30.1,64.9,83.62,58.1,0.0,610,0,0,0
2026-07-18 12:46:25,Zone1,30.1,64.9,85.0,57.96,0.0,611,0,0,0
2026-07-18 12:46:26,Zone1,30.0,64.9,88.06,57.93,0.0,619,0,0,0
2026-07-18 12:46:27,Zone2,29.6,70.8,50.67,61.32,48.05,479,0,0,0
2026-07-18 12:46:28,Zone1,30.0,64.9,88.06,58.03,0.0,605,0,0,0
2026-07-18 12:46:29,Zone2,29.6,70.8,49.33,60.17,49.32,481,0,0,0
2026-07-18 12:46:29,Zone1,30.0,64.9,88.06,57.59,0.0,618,0,0,0
2026-07-18 12:46:30,Zone2,29.6,71.0,46.0,59.8,48.86,478,0,0,0
2026-07-18 12:46:30,Zone1,30.0,64.9,87.94,57.79,0.0,614,0,0,0
2026-07-18 12:46:30,Zone2,29.6,71.0,44.67,59.73,48.95,478,0,0,0
2026-07-18 12:46:30,Zone1,30.0,64.9,83.56,58.95,0.0,610,0,0,0
2026-07-18 12:46:31,Zone2,29.6,71.1,52.0,60.17,48.86,485,0,0,0
2026-07-18 12:46:31,Zone1,30.0,64.9,83.81,58.57,0.0,602,0,0,0
2026-07-18 12:46:32,Zone2,29.6,71.1,51.33,59.9,47.68,480,0,0,0
2026-07-18 12:46:32,Zone1,30.0,64.9,84.19,58.13,0.0,612,0,0,0
2026-07-18 12:46:33,Zone2,29.5,71.2,44.0,59.93,48.73,480,0,0,0
2026-07-18 12:46:33,Zone1,30.0,64.9,84.44,58.2,0.0,611,0,0,0
2026-07-18 12:46:33,Zone2,29.5,71.2,42.67,58.0,50.91,481,0,0,0
2026-07-18 12:46:35,Zone2,29.5,71.6,51.33,41.29,90.86,482,0,0,0
2026-07-18 12:46:35,Zone1,30.0,65.0,88.06,57.86,0.0,613,0,0,0
2026-07-18 12:46:36,Zone1,30.0,65.0,88.06,57.66,0.0,617,0,0,0
2026-07-18 12:46:36,Zone2,29.5,71.6,52.0,42.68,89.41,483,0,0,0
2026-07-18 12:46:36,Zone1,30.0,65.0,88.06,55.45,0.0,611,0,0,0
2026-07-18 12:46:37,Zone2,29.5,71.6,45.33,43.74,88.23,479,0,0,0
2026-07-18 12:46:38,Zone1,30.0,65.0,88.06,58.57,0.0,614,0,0,0
2026-07-18 12:46:38,Zone2,29.5,71.6,42.67,40.58,87.86,476,0,0,0
2026-07-18 12:46:38,Zone2,29.5,71.9,53.33,41.8,87.27,482,0,0,0
2026-07-18 12:46:39,Zone1,30.0,65.0,83.0,57.86,0.0,613,0,0,0
2026-07-18 12:46:39,Zone2,29.5,71.9,51.33,41.8,86.55,479,0,0,0
2026-07-18 12:46:39,Zone1,30.0,65.0,83.19,58.4,0.0,608,0,0,0
2026-07-18 12:46:40,Zone2,29.5,71.9,42.67,42.24,85.91,477,0,0,0
2026-07-18 12:46:40,Zone1,30.0,65.0,83.12,58.1,0.0,614,0,0,0
2026-07-18 12:46:41,Zone2,29.5,71.9,42.67,42.55,86.55,480,0,0,0
2026-07-18 12:46:41,Zone1,30.0,65.0,83.44,56.4,0.0,613,0,0,0
2026-07-18 12:46:42,Zone2,29.5,71.6,53.33,42.72,85.5,477,0,0,0
2026-07-18 12:46:42,Zone1,30.0,65.0,88.06,54.84,0.0,593,0,0,0
2026-07-18 12:46:43,Zone2,29.5,71.6,54.0,42.82,85.23,474,0,0,0
2026-07-18 12:46:43,Zone1,30.0,65.0,88.06,27.67,100.0,618,1,0,0
2026-07-18 12:46:44,Zone2,29.5,72.0,44.67,43.63,85.77,479,0,0,0
2026-07-18 12:46:44,Zone1,30.0,65.0,88.06,28.22,100.0,611,1,0,0
2026-07-18 12:46:45,Zone2,29.5,72.0,42.67,43.36,85.64,493,0,0,0
2026-07-18 12:46:45,Zone1,30.0,65.0,88.06,27.78,100.0,614,1,0,0
2026-07-18 12:46:46,Zone1,30.0,65.1,82.69,27.47,100.0,616,1,0,0
2026-07-18 12:46:46,Zone2,29.5,71.5,53.33,43.43,86.41,479,0,0,0
2026-07-18 12:46:47,Zone2,29.5,71.5,53.33,41.9,86.55,479,0,0,0
2026-07-18 12:46:47,Zone1,30.0,65.1,82.81,25.5,100.0,608,1,0,0
2026-07-18 12:46:48,Zone2,29.5,71.5,46.0,42.44,86.41,483,0,0,0
2026-07-18 12:46:48,Zone1,30.0,65.1,82.94,9.71,100.0,621,1,0,0
2026-07-18 12:46:49,Zone2,29.5,71.5,44.67,42.89,86.5,473,0,0,0
2026-07-18 12:46:49,Zone1,30.0,65.1,83.12,25.4,100.0,618,1,0,0
2026-07-18 12:46:50,Zone2,29.5,71.6,50.67,39.08,86.5,487,0,0,0
2026-07-18 12:46:50,Zone1,30.0,65.1,89.31,11.34,100.0,619,1,0,0
2026-07-18 12:46:51,Zone2,29.5,71.6,51.33,36.37,86.55,478,0,0,0
2026-07-18 12:46:51,Zone1,30.0,65.1,89.31,12.97,100.0,613,1,0,0
2026-07-18 12:46:52,Zone2,29.5,71.8,43.33,38.54,86.32,484,0,0,0
2026-07-18 12:46:52,Zone1,30.0,65.1,88.06,13.04,100.0,611,1,0,0
2026-07-18 12:46:52,Zone2,29.5,71.8,44.67,35.28,86.14,483,0,0,0
2026-07-18 12:46:53,Zone1,30.0,65.1,88.06,14.63,100.0,617,1,0,0
2026-07-18 12:46:53,Zone1,30.0,65.1,82.94,12.09,100.0,623,1,0,0
2026-07-18 12:46:54,Zone2,29.5,72.1,47.33,40.2,86.86,480,0,0,0
2026-07-18 12:46:55,Zone1,30.0,65.1,82.94,13.96,100.0,618,1,0,0
2026-07-18 12:46:55,Zone2,29.5,72.1,46.0,43.77,85.05,486,0,0,0
2026-07-18 12:46:55,Zone1,30.0,65.1,83.12,15.79,100.0,610,1,0,0
2026-07-18 12:46:56,Zone2,29.5,71.9,45.33,46.79,86.05,481,0,0,0
2026-07-18 12:46:56,Zone1,30.0,65.1,83.31,14.8,100.0,610,1,0,0
2026-07-18 12:46:57,Zone2,29.5,71.9,42.67,48.32,85.91,475,0,0,0
2026-07-18 12:46:57,Zone1,30.0,65.2,89.81,13.31,100.0,651,1,0,0
2026-07-18 12:46:58,Zone2,29.5,72.0,40.0,49.3,85.09,489,0,0,0
2026-07-18 12:46:58,Zone1,30.0,65.2,90.12,12.67,100.0,621,1,0,0
2026-07-18 12:46:59,Zone2,29.5,72.0,34.0,49.27,84.95,478,0,0,0
2026-07-18 12:46:59,Zone1,30.0,65.2,90.0,14.63,100.0,611,1,0,0
2026-07-18 12:47:00,Zone2,29.5,72.1,33.33,49.03,84.86,485,0,0,0
2026-07-18 12:47:00,Zone1,30.0,65.2,89.94,12.84,100.0,597,1,0,0
2026-07-18 12:47:01,Zone2,29.5,72.1,46.67,49.41,84.45,482,0,0,0
2026-07-18 12:47:01,Zone1,30.0,65.2,83.31,13.62,100.0,622,1,0,0
2026-07-18 12:47:02,Zone2,29.5,72.1,42.67,48.76,84.23,482,0,0,0
2026-07-18 12:47:02,Zone1,30.0,65.2,83.31,15.38,100.0,607,1,0,0
2026-07-18 12:47:03,Zone2,29.5,72.1,43.33,48.69,83.91,476,0,0,0
2026-07-18 12:47:04,Zone1,30.0,65.2,83.12,15.38,100.0,610,1,0,0
2026-07-18 12:47:04,Zone2,29.5,72.2,47.33,48.93,83.64,483,0,0,0
2026-07-18 12:47:05,Zone1,30.0,65.2,83.12,15.79,100.0,619,1,0,0
2026-07-18 12:47:05,Zone2,29.5,72.2,45.33,49.1,92.36,473,0,0,0
2026-07-18 12:47:06,Zone1,30.0,65.2,90.0,13.96,100.0,620,1,0,0
2026-07-18 12:47:06,Zone2,29.5,72.3,26.67,49.51,86.77,477,0,0,1
2026-07-18 12:47:07,Zone1,30.0,65.2,90.06,16.23,100.0,610,1,0,0
2026-07-18 12:47:07,Zone2,29.5,72.3,32.0,49.75,76.95,465,0,0,0
2026-07-18 12:47:08,Zone1,30.0,65.2,90.19,16.74,100.0,619,1,0,0
2026-07-18 12:47:08,Zone2,29.5,72.5,44.67,49.51,75.18,480,0,0,0
2026-07-18 12:47:09,Zone1,30.0,65.2,90.12,21.19,100.0,624,1,0,0
2026-07-18 12:47:10,Zone2,29.5,72.5,44.67,49.95,68.77,483,0,0,0
2026-07-18 12:47:10,Zone1,30.0,65.3,83.5,22.0,100.0,609,1,0,0
2026-07-18 12:47:10,Zone2,29.5,72.2,0.0,50.25,64.5,478,0,0,1
2026-07-18 12:47:11,Zone1,30.0,65.3,83.56,19.69,100.0,622,1,0,0
2026-07-18 12:47:11,Zone2,29.5,72.2,0.0,49.88,60.5,470,0,0,1
2026-07-18 12:47:12,Zone1,30.0,65.3,83.12,22.99,100.0,615,1,0,0
2026-07-18 12:47:12,Zone2,29.5,74.2,0.0,49.92,58.09,454,0,0,1
2026-07-18 12:47:13,Zone2,29.5,74.2,0.0,49.95,56.77,483,0,0,1
2026-07-18 12:47:13,Zone1,30.0,65.3,82.94,23.33,100.0,611,1,0,0
2026-07-18 12:47:14,Zone2,29.5,76.0,0.0,50.05,55.86,480,0,0,1
2026-07-18 12:47:15,Zone1,30.0,65.3,88.06,23.67,100.0,615,1,0,0
2026-07-18 12:47:15,Zone2,29.5,76.0,0.0,49.71,55.0,477,0,0,1
2026-07-18 12:47:15,Zone1,30.0,65.3,88.06,23.36,100.0,615,1,0,0
2026-07-18 12:47:16,Zone1,30.0,65.3,88.06,23.33,100.0,618,1,0,0
2026-07-18 12:47:16,Zone2,29.5,77.0,0.0,50.05,54.32,487,0,0,1
2026-07-18 12:47:17,Zone1,30.0,65.3,88.06,18.34,100.0,615,1,0,0
2026-07-18 12:47:17,Zone2,29.5,77.0,0.0,50.32,53.59,487,0,0,1
2026-07-18 12:47:18,Zone1,30.0,65.3,83.94,24.58,100.0,624,1,0,0
2026-07-18 12:47:18,Zone2,29.5,76.7,0.0,50.15,53.09,478,0,0,1
2026-07-18 12:47:19,Zone1,30.0,65.3,83.44,23.97,100.0,613,1,0,0
2026-07-18 12:47:19,Zone2,29.5,76.7,0.0,50.15,52.86,476,0,0,1
2026-07-18 12:47:20,Zone2,29.5,77.0,0.0,49.1,52.27,477,0,0,1
2026-07-18 12:47:20,Zone1,30.0,65.3,83.12,23.63,100.0,624,1,0,0
2026-07-18 12:47:21,Zone2,29.5,77.0,0.0,50.15,51.64,474,0,0,1
2026-07-18 12:47:21,Zone1,30.0,65.3,83.0,24.58,100.0,618,1,0,0
2026-07-18 12:47:22,Zone2,29.4,77.4,40.67,50.19,51.41,486,0,0,0
2026-07-18 12:47:22,Zone1,30.0,65.3,87.5,23.9,100.0,608,1,0,0
2026-07-18 12:47:22,Zone1,30.0,65.3,87.81,22.48,100.0,608,1,0,0
2026-07-18 12:47:23,Zone2,29.4,77.4,39.33,49.95,50.86,478,0,0,0
2026-07-18 12:47:23,Zone1,30.0,65.3,88.06,20.51,100.0,613,1,0,0
2026-07-18 12:47:24,Zone1,30.0,65.3,88.06,26.04,100.0,619,1,0,0
2026-07-18 12:47:24,Zone2,29.4,77.3,46.67,49.85,49.23,464,0,0,0
2026-07-18 12:47:25,Zone1,30.0,65.3,83.94,26.04,100.0,616,1,0,0
2026-07-18 12:47:25,Zone2,29.4,77.3,44.67,49.95,48.59,482,0,0,0
2026-07-18 12:47:26,Zone1,30.0,65.3,82.56,26.62,100.0,611,1,0,0
2026-07-18 12:47:26,Zone2,29.4,75.6,40.0,49.71,48.73,471,0,0,0
2026-07-18 12:47:27,Zone1,30.0,65.3,79.75,26.42,100.0,612,1,0,0
2026-07-18 12:47:27,Zone2,29.4,75.6,38.0,49.71,48.73,481,0,0,0
2026-07-18 12:47:28,Zone1,30.0,65.3,80.56,26.11,100.0,613,1,0,0
2026-07-18 12:47:28,Zone2,29.4,75.8,46.0,49.51,48.36,485,0,0,0
2026-07-18 12:47:29,Zone1,30.0,65.3,84.06,29.64,100.0,613,1,0,0
2026-07-18 12:47:29,Zone2,29.4,75.8,44.0,49.07,48.18,485,0,0,0
2026-07-18 12:47:30,Zone1,30.0,65.3,83.0,29.61,100.0,624,1,0,0
2026-07-18 12:47:30,Zone2,29.4,75.5,38.0,49.34,48.27,489,0,0,0
2026-07-18 12:47:30,Zone1,30.0,65.3,83.75,28.59,100.0,607,1,0,0
2026-07-18 12:47:31,Zone1,30.0,65.3,83.5,18.23,100.0,615,1,0,0
2026-07-18 12:47:32,Zone2,29.4,75.5,40.0,49.47,48.09,468,0,0,0
2026-07-18 12:47:32,Zone1,30.0,65.3,80.06,29.88,100.0,615,1,0,0
2026-07-18 12:47:33,Zone2,29.4,76.9,44.67,48.32,48.14,489,0,0,0
2026-07-18 12:47:34,Zone2,29.4,76.9,42.67,48.69,47.73,464,0,0,0
2026-07-18 12:47:34,Zone1,30.0,65.3,76.37,29.85,100.0,615,1,0,0
2026-07-18 12:47:34,Zone2,29.4,77.3,40.67,48.32,47.59,477,0,0,0
2026-07-18 12:47:35,Zone1,30.0,65.3,79.5,31.07,100.0,613,1,0,0
2026-07-18 12:47:35,Zone2,29.4,77.3,39.33,48.29,47.55,475,0,0,0
2026-07-18 12:47:36,Zone1,30.0,65.3,81.69,30.7,100.0,617,1,0,0
2026-07-18 12:47:37,Zone2,29.4,77.2,42.67,47.78,47.32,478,0,0,0
2026-07-18 12:47:37,Zone1,30.1,65.3,85.56,30.97,100.0,617,1,0,0
2026-07-18 12:47:38,Zone1,30.1,65.3,86.25,31.38,100.0,611,1,0,0
2026-07-18 12:47:38,Zone2,29.4,77.2,48.67,47.67,47.14,493,0,0,0
2026-07-18 12:47:39,Zone1,30.1,65.3,86.69,29.0,100.0,617,1,0,0
2026-07-18 12:47:40,Zone2,29.3,77.2,40.67,49.27,46.45,482,0,0,0
2026-07-18 12:47:40,Zone1,30.1,65.3,86.0,29.95,100.0,613,1,0,0
2026-07-18 12:47:41,Zone2,29.3,77.2,40.67,50.39,46.95,474,0,0,0
2026-07-18 12:47:42,Zone1,30.1,65.3,83.25,29.27,100.0,621,1,0,0
2026-07-18 12:47:42,Zone2,29.3,76.2,43.33,100.0,47.05,478,0,0,0
2026-07-18 12:47:42,Zone1,30.1,65.3,83.0,28.93,100.0,613,1,0,0
2026-07-18 12:47:43,Zone2,29.3,76.2,42.67,100.0,47.05,482,0,0,0
2026-07-18 12:47:43,Zone1,30.1,65.3,80.87,28.69,100.0,622,1,0,0
2026-07-18 12:47:44,Zone2,29.3,76.4,42.67,100.0,46.5,464,0,0,0
2026-07-18 12:47:44,Zone1,30.1,65.3,79.31,29.47,100.0,618,1,0,0
2026-07-18 12:47:45,Zone2,29.3,76.4,42.67,100.0,46.27,479,0,0,0
2026-07-18 12:47:45,Zone1,30.0,65.3,71.5,28.25,12.0,610,1,0,0
2026-07-18 12:47:45,Zone2,29.3,75.8,42.67,100.0,46.23,486,0,0,0
2026-07-18 12:47:46,Zone2,29.3,75.8,42.0,100.0,46.18,485,0,0,0
2026-07-18 12:47:47,Zone1,30.0,65.3,81.25,28.52,0.0,613,1,0,0
2026-07-18 12:47:48,Zone2,29.3,75.1,43.33,100.0,46.09,475,0,0,0
2026-07-18 12:47:48,Zone1,30.0,65.3,81.56,28.29,0.0,613,1,0,0
2026-07-18 12:47:49,Zone2,29.3,75.1,42.67,100.0,45.77,485,0,0,0
2026-07-18 12:47:49,Zone1,30.0,65.3,78.56,26.72,0.0,610,1,0,0
2026-07-18 12:47:49,Zone2,29.3,75.9,40.67,100.0,45.73,486,0,0,0
2026-07-18 12:47:49,Zone2,29.3,75.9,38.0,100.0,45.82,485,0,0,0
2026-07-18 12:47:49,Zone1,30.1,65.3,13.94,27.67,0.0,612,1,0,1
2026-07-18 12:47:50,Zone2,29.3,76.1,42.67,47.13,45.59,478,0,0,0
2026-07-18 12:47:50,Zone1,30.1,65.3,0.0,26.99,0.0,622,1,0,1
2026-07-18 12:47:51,Zone2,29.3,76.1,46.0,42.82,45.5,482,0,0,0
2026-07-18 12:47:52,Zone1,30.1,65.3,0.0,28.12,0.0,617,1,0,1
2026-07-18 12:47:52,Zone2,29.3,75.9,41.33,41.43,45.27,479,0,0,0
2026-07-18 12:47:53,Zone2,29.3,75.9,34.0,45.2,45.14,471,0,0,0
2026-07-18 12:47:53,Zone1,30.1,65.3,0.0,27.06,0.0,619,1,0,1
2026-07-18 12:47:53,Zone1,30.1,65.3,0.0,26.49,0.0,610,1,0,1
2026-07-18 12:47:54,Zone1,30.1,65.3,0.0,27.13,0.0,666,1,0,1
2026-07-18 12:47:54,Zone2,29.3,75.4,42.67,45.06,45.18,471,0,0,0
2026-07-18 12:47:55,Zone1,30.1,65.3,0.0,26.01,0.0,613,1,0,1
2026-07-18 12:47:55,Zone2,29.3,75.4,44.0,45.06,45.18,486,0,0,0
2026-07-18 12:47:56,Zone1,30.1,65.3,0.0,25.84,0.0,606,1,0,1
2026-07-18 12:47:56,Zone2,29.3,75.2,39.33,42.51,45.23,483,0,0,0
2026-07-18 12:47:56,Zone1,30.1,65.2,0.0,25.87,0.0,610,1,0,1
2026-07-18 12:47:57,Zone2,29.3,75.2,38.0,44.69,45.05,488,0,0,0
2026-07-18 12:47:57,Zone1,30.1,65.2,0.0,25.47,0.0,609,1,0,1
2026-07-18 12:47:58,Zone2,29.3,75.8,42.67,38.4,44.91,483,0,0,0
2026-07-18 12:47:58,Zone1,30.1,65.2,76.31,25.53,0.0,610,1,0,0
2026-07-18 12:47:59,Zone1,30.1,65.2,77.0,25.2,0.0,613,1,0,0
2026-07-18 12:47:59,Zone2,29.3,75.8,42.67,44.52,45.82,482,0,0,0
2026-07-18 12:48:00,Zone2,29.3,75.9,46.0,100.0,45.27,494,0,0,0
2026-07-18 12:48:00,Zone1,30.1,65.2,69.12,24.52,0.0,615,1,0,0
2026-07-18 12:48:01,Zone1,30.1,65.2,68.69,24.48,0.0,611,1,0,0
2026-07-18 12:48:01,Zone2,29.3,75.9,38.67,100.0,45.14,481,0,0,0
2026-07-18 12:48:02,Zone1,30.1,65.2,69.0,24.38,0.0,618,1,0,0
2026-07-18 12:48:02,Zone2,29.3,75.3,41.33,100.0,44.86,485,0,0,0
2026-07-18 12:48:03,Zone1,30.1,65.2,69.37,24.21,0.0,621,1,0,0
2026-07-18 12:48:03,Zone2,29.3,75.3,39.33,100.0,45.0,471,0,0,0
2026-07-18 12:48:03,Zone1,30.1,65.2,74.06,23.43,0.0,615,1,0,0
2026-07-18 12:48:03,Zone2,29.2,75.3,42.0,100.0,45.23,491,0,0,0
2026-07-18 12:48:04,Zone1,30.1,65.2,73.69,23.67,0.0,610,1,0,0
2026-07-18 12:48:04,Zone1,30.1,65.2,73.37,23.33,0.0,610,1,0,0
2026-07-18 12:48:05,Zone2,29.2,75.3,41.33,100.0,45.23,478,0,0,0
2026-07-18 12:48:05,Zone1,30.1,65.2,73.31,23.33,0.0,605,1,0,0
2026-07-18 12:48:06,Zone2,29.2,75.3,38.67,100.0,45.36,485,0,0,0
2026-07-18 12:48:06,Zone1,30.1,65.2,68.44,23.26,0.0,608,1,0,0
2026-07-18 12:48:06,Zone2,29.2,75.3,36.67,100.0,45.91,474,0,0,0
2026-07-18 12:48:07,Zone1,30.1,65.2,68.69,22.24,0.0,635,1,0,0
2026-07-18 12:48:07,Zone1,30.1,65.2,68.87,22.28,0.0,611,1,0,0
2026-07-18 12:48:08,Zone2,29.2,76.3,42.67,44.75,45.82,482,0,0,0
2026-07-18 12:48:08,Zone1,30.1,65.2,69.12,22.68,0.0,613,1,0,0
2026-07-18 12:48:09,Zone2,29.2,76.3,42.67,45.06,45.77,474,0,0,0
2026-07-18 12:48:09,Zone1,30.1,65.2,88.06,22.24,0.0,622,1,0,0
2026-07-18 12:48:10,Zone2,29.2,76.6,36.67,43.46,46.23,478,0,0,0
2026-07-18 12:48:10,Zone1,30.1,65.2,88.06,22.68,0.0,611,1,0,0
2026-07-18 12:48:11,Zone2,29.2,76.6,35.33,43.74,45.55,474,0,0,0
2026-07-18 12:48:11,Zone1,30.1,65.2,88.06,22.28,0.0,614,1,0,0
2026-07-18 12:48:11,Zone1,30.1,65.2,87.25,100.0,0.0,614,0,0,0
2026-07-18 12:48:11,Zone1,30.1,65.1,81.81,100.0,0.0,611,0,0,0
2026-07-18 12:48:11,Zone1,30.1,65.1,82.56,100.0,0.0,611,0,0,0
2026-07-18 12:48:12,Zone2,29.2,76.2,42.67,44.52,44.41,482,0,0,0
2026-07-18 12:48:12,Zone1,30.1,65.1,83.06,100.0,0.0,613,0,0,0
2026-07-18 12:48:13,Zone2,29.2,76.2,43.33,45.13,45.36,470,0,0,0
2026-07-18 12:48:13,Zone1,30.1,65.1,83.31,100.0,0.0,617,0,0,0
2026-07-18 12:48:14,Zone1,30.1,65.1,88.06,100.0,0.0,621,0,0,0
2026-07-18 12:48:14,Zone2,29.2,76.5,35.33,45.6,45.14,477,0,0,0
2026-07-18 12:48:14,Zone2,29.2,76.5,33.33,45.77,44.86,480,0,0,0
2026-07-18 12:48:15,Zone1,30.1,65.1,87.81,100.0,0.0,611,0,0,0
2026-07-18 12:48:15,Zone1,30.1,65.1,87.19,100.0,0.0,614,0,0,0
2026-07-18 12:48:16,Zone1,30.1,65.1,87.06,100.0,0.0,623,0,0,0
2026-07-18 12:48:16,Zone2,29.2,76.5,44.67,47.06,45.09,467,0,0,0
2026-07-18 12:48:17,Zone1,30.1,65.1,82.06,100.0,0.0,615,0,0,0
2026-07-18 12:48:17,Zone2,29.2,76.5,46.67,46.59,45.23,496,0,0,0
2026-07-18 12:48:18,Zone1,30.1,65.1,82.75,88.52,0.0,606,0,0,0
2026-07-18 12:48:18,Zone2,29.2,76.7,34.0,46.83,45.32,481,0,0,0
2026-07-18 12:48:19,Zone1,30.1,65.1,83.25,24.11,0.0,622,1,0,0
2026-07-18 12:48:20,Zone1,30.1,65.1,84.19,23.87,0.0,615,1,0,0
2026-07-18 12:48:20,Zone2,29.2,76.7,33.33,47.2,45.5,483,0,0,0
2026-07-18 12:48:21,Zone1,30.1,65.1,87.81,23.94,0.0,623,1,0,0
2026-07-18 12:48:21,Zone2,29.2,76.3,42.67,47.61,45.36,476,0,0,0
2026-07-18 12:48:21,Zone1,30.1,65.1,87.37,23.29,0.0,619,1,0,0
2026-07-18 12:48:22,Zone2,29.2,76.3,42.67,47.27,45.5,483,0,0,0
2026-07-18 12:48:23,Zone1,30.1,65.1,86.75,23.33,0.0,624,1,0,0
2026-07-18 12:48:24,Zone2,29.2,75.5,34.67,47.61,43.5,482,0,0,0
2026-07-18 12:48:24,Zone1,30.1,65.1,86.31,24.62,0.0,612,1,0,0
2026-07-18 12:48:24,Zone2,29.2,75.5,35.33,47.67,45.23,470,0,0,0
2026-07-18 12:48:24,Zone1,30.1,65.1,83.31,26.59,0.0,603,1,0,0
2026-07-18 12:48:24,Zone2,29.2,76.0,40.67,48.39,45.59,486,0,0,0
2026-07-18 12:48:25,Zone2,29.2,76.0,40.67,48.08,45.59,471,0,0,0
2026-07-18 12:48:26,Zone1,30.1,65.1,84.44,27.71,0.0,622,1,0,0
2026-07-18 12:48:27,Zone1,30.1,65.1,85.12,28.9,0.0,607,1,0,0
2026-07-18 12:48:27,Zone2,29.2,76.1,36.67,48.32,45.36,486,0,0,0
2026-07-18 12:48:27,Zone1,30.1,65.1,86.25,27.98,0.0,615,1,0,0
2026-07-18 12:48:28,Zone2,29.2,76.1,39.33,49.41,45.73,474,0,0,0
2026-07-18 12:48:28,Zone1,30.1,65.1,87.12,26.21,0.0,629,1,0,0
2026-07-18 12:48:29,Zone2,29.2,76.2,40.0,82.11,44.36,483,0,0,0
2026-07-18 12:48:29,Zone2,29.2,76.2,39.33,100.0,42.91,471,0,0,0
2026-07-18 12:48:29,Zone1,30.1,65.1,86.19,27.23,0.0,609,1,0,0
2026-07-18 12:48:30,Zone2,29.2,76.7,40.67,100.0,42.95,479,0,0,0
2026-07-18 12:48:31,Zone1,30.1,65.1,85.75,25.67,0.0,612,1,0,0
2026-07-18 12:48:31,Zone2,29.2,76.7,35.33,100.0,42.77,483,0,0,0
2026-07-18 12:48:32,Zone1,30.1,65.1,85.12,26.28,0.0,612,1,0,0
2026-07-18 12:48:32,Zone1,30.2,65.1,85.0,25.57,0.0,619,1,0,0
2026-07-18 12:48:32,Zone2,29.2,76.8,38.0,100.0,42.59,478,0,0,0
2026-07-18 12:48:33,Zone1,30.2,65.1,85.56,25.16,0.0,616,1,0,0
2026-07-18 12:48:34,Zone2,29.2,76.8,35.33,100.0,41.95,496,0,0,0
2026-07-18 12:48:34,Zone1,30.2,65.1,86.56,24.86,0.0,618,1,0,0
2026-07-18 12:48:34,Zone2,29.2,77.3,42.0,100.0,42.14,486,0,0,0
2026-07-18 12:48:35,Zone1,30.2,65.1,87.06,16.47,0.0,602,1,0,0
2026-07-18 12:48:35,Zone2,29.2,77.3,41.33,44.28,42.09,480,0,0,0
2026-07-18 12:48:36,Zone1,30.2,65.1,85.87,9.81,0.0,624,1,0,0
2026-07-18 12:48:36,Zone2,29.1,76.7,33.33,44.31,41.73,480,0,0,0
2026-07-18 12:48:37,Zone1,30.2,65.1,85.12,12.33,0.0,618,1,0,0
2026-07-18 12:48:38,Zone2,29.1,76.7,32.0,43.26,41.55,482,0,0,0
2026-07-18 12:48:38,Zone2,29.1,76.0,44.0,43.8,41.59,477,0,0,0
2026-07-18 12:48:38,Zone1,30.2,65.1,84.69,11.88,0.0,607,1,0,0
2026-07-18 12:48:38,Zone1,30.2,65.1,83.94,11.41,0.0,611,1,0,0
2026-07-18 12:48:39,Zone1,30.1,65.1,85.62,12.46,0.0,619,1,0,0
2026-07-18 12:48:39,Zone2,29.1,76.0,42.67,43.97,41.45,475,0,0,0
2026-07-18 12:48:39,Zone1,30.1,65.1,87.25,12.05,0.0,621,1,0,0
2026-07-18 12:48:39,Zone2,29.1,76.3,34.0,43.63,41.59,477,0,0,0
2026-07-18 12:48:39,Zone1,30.1,65.1,87.12,12.12,0.0,606,1,0,0
2026-07-18 12:48:40,Zone1,30.1,65.1,87.81,12.36,0.0,611,1,0,0
2026-07-18 12:48:40,Zone1,30.1,65.1,84.5,13.38,0.0,609,1,0,0
2026-07-18 12:48:40,Zone1,30.1,65.1,84.0,13.45,0.0,616,1,0,0
2026-07-18 12:48:40,Zone1,30.1,65.1,83.12,13.31,0.0,603,1,0,0
2026-07-18 12:48:40,Zone1,30.1,65.1,82.81,14.26,0.0,613,1,0,0
2026-07-18 12:48:40,Zone1,30.2,65.0,87.12,24.04,0.0,625,1,0,0
2026-07-18 12:48:41,Zone2,29.1,76.3,32.67,43.97,42.18,498,0,0,0
2026-07-18 12:48:42,Zone1,30.2,65.0,87.81,24.41,0.0,621,1,0,0
2026-07-18 12:48:42,Zone2,29.1,76.7,44.0,43.63,42.41,493,0,0,0
2026-07-18 12:48:43,Zone1,30.2,65.0,88.06,25.4,0.0,617,1,0,0
2026-07-18 12:48:43,Zone2,29.1,76.7,42.67,43.26,42.32,478,0,0,0
2026-07-18 12:48:43,Zone1,30.2,65.0,88.06,24.38,0.0,619,1,0,0
2026-07-18 12:48:43,Zone2,29.1,76.1,36.0,43.74,41.77,475,0,0,0
2026-07-18 12:48:45,Zone1,30.1,65.0,83.12,21.26,0.0,617,1,0,0
2026-07-18 12:48:45,Zone2,29.1,76.1,30.67,44.04,41.45,472,0,0,0
