Temperature,Humidity,LDR,Soil,Water,Air,Pump,Fan,Light
32.10,53.50,2680,4095,0,778,0,1,0
32.20,53.40,2592,4095,0,796,0,1,0
32.20,53.40,2495,4095,0,797,0,1,0
32.20,53.40,2526,4095,0,795,0,1,0
32.20,53.40,2671,4095,0,793,0,1,0
32.10,53.40,2703,4095,0,801,0,1,0
32.10,53.40,2629,1475,693,793,0,1,0
32.10,53.40,2529,1822,1057,790,0,1,0
32.20,53.40,2450,2109,1249,791,0,1,0
32.20,53.40,2579,2162,1296,790,0,1,0
32.20,53.40,2689,2173,1324,791,0,1,0
32.20,53.40,2729,2176,1335,787,0,1,0
32.20,53.40,2643,2175,1342,784,0,1,0
32.20,53.40,2559,2171,1352,789,0,1,0
32.20,53.30,2496,2166,1360,786,0,1,0
32.20,53.30,2448,2167,1362,781,0,1,0
32.20,53.30,2545,2182,1369,784,0,1,0
32.20,53.40,2651,2160,1371,784,0,1,0
32.20,53.40,2727,2160,1375,783,0,1,0
32.20,53.30,2667,2159,1374,733,0,1,0
32.20,53.30,2608,2159,1378,784,0,1,0
32.20,53.30,2518,3133,1985,781,1,1,0
32.20,53.30,2422,4095,1595,795,1,1,0
32.20,53.30,2459,4095,1465,791,0,1,0
32.20,53.30,2544,4095,1339,779,0,1,0
32.30,53.30,2629,4095,1315,773,0,1,0
32.20,53.30,2675,4095,1309,775,0,1,0
32.20,53.30,2673,4095,1296,771,0,1,0
32.20,53.20,2624,4095,1291,774,0,1,0
32.30,53.30,2593,4095,1285,775,0,1,0
32.20,53.30,2551,4095,1293,771,0,1,0
32.30,53.30,2531,4095,1319,772,0,1,0
32.30,53.20,2530,4095,1319,772,0,1,0
32.20,53.20,2517,2481,1313,769,0,1,0
32.30,53.20,2525,2550,1386,770,0,1,0
32.30,53.20,2544,1991,1046,768,0,1,0
32.30,53.20,2559,2299,1275,769,0,1,0
32.30,53.20,2606,2324,1281,775,0,1,0
32.30,53.20,2634,2215,1310,767,0,1,0
32.30,53.20,2661,2225,1295,766,0,1,0
32.30,53.20,2697,4095,2067,768,1,1,0
32.30,53.20,2739,4095,1642,784,1,1,0
32.30,53.10,2738,2554,1413,784,0,1,0
32.30,53.20,2699,4095,1475,761,0,1,0
32.30,53.20,2672,4095,1186,759,0,1,0
32.30,53.10,2617,4095,1176,761,0,1,0
32.30,53.10,2659,4095,1090,763,0,1,0
32.30,53.10,2656,4095,1069,757,0,1,0
32.30,53.10,2663,4095,991,762,0,1,0
32.30,53.10,757,4095,991,761,0,1,1
32.30,53.10,592,4095,1007,784,0,1,1
32.30,53.10,658,4095,1019,775,0,1,1
32.30,53.10,2694,4095,1084,777,0,1,0
32.30,53.10,2636,4095,574,752,0,1,0
32.30,53.10,2695,1749,1038,753,0,1,0
32.30,53.10,2705,2208,1328,755,0,1,0
32.30,53.00,2714,2225,1317,753,0,1,0
32.30,53.00,2710,4095,1662,753,1,1,0
32.30,53.00,2675,4095,1278,771,0,1,0
32.30,53.00,2717,4095,1109,752,0,1,0
32.30,52.90,2736,1690,867,752,0,1,0
32.30,52.90,2704,4095,1933,753,1,1,0
32.30,52.90,2716,4095,1313,769,0,1,0
32.40,52.90,2709,1663,976,753,0,1,0
32.30,52.90,2709,2214,1305,752,0,1,0
32.40,52.90,2704,4095,1046,753,0,1,0
32.30,52.90,2679,4095,1496,751,0,1,0
32.40,52.90,2631,4095,1202,750,0,1,0
32.30,52.90,2545,1444,697,752,0,1,0
32.30,52.90,2549,4095,1675,752,1,1,0
32.40,52.90,2483,4095,1142,767,0,1,0
32.40,52.80,2432,4095,1122,749,0,1,0
32.30,52.80,2432,4095,1120,750,0,1,0
32.30,52.80,2384,4095,1121,748,0,1,0
32.40,52.80,2202,4095,1119,751,0,1,0
32.40,52.90,1693,4095,1117,749,0,1,1
32.40,53.30,3579,4095,1125,767,0,1,0
32.40,53.30,3415,4095,1114,832,0,1,0
32.40,53.10,3664,4095,1115,745,0,1,0
32.30,53.00,2282,4095,1113,743,0,1,0
32.40,53.00,451,4095,1113,745,0,1,1
32.40,52.80,583,4095,1131,766,0,1,1
32.40,52.80,2673,4095,1100,758,0,1,0
32.40,52.80,2727,1598,887,741,0,1,0
32.40,52.80,2679,2238,1301,743,0,1,0
32.30,52.70,2630,2469,1457,774,0,1,0
32.40,52.70,2551,4095,1393,738,0,1,0
32.40,52.70,2410,4095,1605,741,1,1,0
32.40,52.70,2433,4095,1022,755,0,1,0
32.40,52.70,2496,4095,1194,737,0,1,0
32.40,52.70,2598,4095,1655,737,1,1,0
32.40,52.70,2702,4095,1307,766,0,1,0
32.40,52.70,2647,4095,1047,737,0,1,0
32.40,52.70,2637,4095,976,737,0,1,0
32.40,52.70,2586,4095,978,724,0,1,0
32.40,52.70,2531,4095,976,735,0,1,0
32.40,52.70,2478,4095,977,737,0,1,0
32.40,52.70,2479,4095,979,736,0,1,0
32.40,52.70,2509,4095,981,737,0,1,0
32.40,52.70,2557,4095,983,733,0,1,0
32.40,52.70,2593,4095,985,734,0,1,0
32.40,52.70,2614,4095,991,733,0,1,0
32.50,52.70,2624,4095,993,735,0,1,0
32.40,52.70,2622,4095,2083,732,1,1,0
32.40,52.60,2641,4095,2194,752,1,1,0
32.40,52.70,2655,4095,2210,751,1,1,0
32.40,52.70,2672,4095,2211,752,1,1,0
32.40,52.70,2672,4095,1698,748,1,1,0
32.40,52.70,2684,4095,1388,748,0,1,0
32.40,52.70,2688,4095,1211,722,0,1,0
32.40,52.70,2691,4095,669,726,0,1,0
32.40,52.70,2679,4095,669,725,0,1,0
32.40,52.60,2661,4095,675,730,0,1,0
32.40,52.60,2653,663,676,729,0,1,0
32.40,52.60,2635,668,679,731,0,1,0
32.40,52.60,2617,4095,675,725,0,1,0
32.40,52.60,2614,4095,677,727,0,1,0
32.40,52.60,2605,4095,677,727,0,1,0
32.50,52.60,2579,2978,681,728,0,1,0
32.40,52.50,2558,2921,677,731,0,1,0
32.40,52.60,2543,3071,677,727,0,1,0
32.50,52.60,2498,4095,656,725,0,1,0
32.50,52.60,2473,4095,671,755,0,1,0
32.40,52.60,602,4095,667,729,0,1,1
32.40,52.60,2482,4095,679,746,0,1,0
32.40,52.60,2519,4095,553,725,0,1,0
32.50,52.60,2541,4095,1642,725,1,1,0
32.40,52.50,2579,4095,716,742,0,1,0
32.40,52.60,2601,4095,1117,722,0,1,0
32.40,52.50,2631,4095,147,722,0,1,0
32.50,52.60,2656,4095,1825,725,1,1,0
32.40,52.50,2691,4095,1563,747,1,1,0
32.40,52.60,2728,4095,1077,742,0,1,0
32.40,52.60,2736,4095,2222,723,1,1,0
32.40,52.60,2731,4095,2161,741,1,1,0
32.40,52.60,2694,4095,2060,738,1,1,0
32.40,52.60,2640,4095,1818,739,1,1,0
32.40,52.60,2589,4095,1677,738,1,1,0
32.40,52.60,2559,4095,1570,735,1,1,0
32.40,52.60,2513,4095,1466,739,0,1,0
32.50,52.60,2469,4095,1392,717,0,1,0
32.50,52.60,2470,4095,1327,720,0,1,0
32.40,52.60,2479,4095,1265,720,0,1,0
32.40,52.60,2486,4095,1217,720,0,1,0
32.50,52.60,2610,4095,990,709,0,1,0
32.50,52.60,2688,4095,988,707,0,1,0
32.50,52.60,2743,4095,976,707,0,1,0
32.50,52.60,2675,4095,989,705,0,1,0
32.60,52.60,2559,4095,1007,710,0,1,0
32.50,52.60,2457,523,1006,710,0,1,0
32.50,52.60,2489,1619,918,710,0,1,0
32.60,52.70,2545,2082,1223,707,0,1,0
32.50,52.60,2598,2175,1286,705,0,1,0
32.50,52.70,2667,2199,1301,711,0,1,0
32.60,52.60,2687,2208,1309,707,0,1,0
32.50,52.60,2715,2211,1308,704,0,1,0
32.60,52.70,2734,2214,1310,706,0,1,0
32.60,52.60,2704,2227,1360,704,0,1,0
32.50,52.60,2651,2286,1374,708,0,1,0
32.50,52.70,2596,2220,1203,721,0,1,0
32.60,52.60,2526,2219,1186,704,0,1,0
32.60,52.60,2458,2251,1127,706,0,1,0
32.60,52.60,2495,4095,1873,717,1,1,0
32.60,52.60,2611,4095,1570,728,1,1,0
32.60,52.60,2625,4095,1415,722,0,1,0
32.60,52.70,2663,4095,1394,704,0,1,0
32.60,52.70,2704,4095,1507,672,1,1,0
32.60,52.70,2736,4095,1093,720,0,1,0
32.60,52.60,2704,4095,1184,703,0,1,0
32.60,52.60,2654,4095,1054,707,0,1,0
32.60,52.60,2593,645,1023,704,0,1,0
32.60,52.60,2526,4095,1008,704,0,1,0
32.60,52.60,2457,4095,2178,704,1,1,0
32.60,52.60,2465,4095,1776,722,1,1,0
32.60,52.50,2475,4095,1269,735,0,1,0
32.60,52.50,2496,1265,511,701,0,1,0
32.60,52.50,463,1782,1074,703,0,1,1
32.60,52.50,232,2213,1344,720,0,1,1
32.70,52.50,589,2256,1360,726,0,1,1
32.70,52.50,657,2259,1363,723,0,1,1
32.60,52.50,702,2262,1375,721,0,1,1
32.70,52.50,703,2271,1386,720,0,1,1
32.60,52.50,683,2272,1391,720,0,1,1
32.70,52.50,608,2270,1389,720,0,1,1
32.60,52.50,735,2273,1387,720,0,1,1
32.70,52.50,587,2272,1385,718,0,1,1
32.70,52.50,576,2273,1385,720,0,1,1
32.60,52.50,408,2273,1385,717,0,1,1
32.70,52.50,2531,2275,1385,720,0,1,0
32.70,52.40,2515,2190,1347,699,0,1,0
32.60,52.40,2443,2195,1370,701,0,1,0
32.70,52.50,3543,2207,1357,703,0,1,0
32.60,52.40,3813,2214,1352,705,0,1,0
32.70,52.40,4095,2231,1360,704,0,1,0
32.70,52.40,4095,2251,1360,706,0,1,0
32.70,52.40,4095,2257,1347,703,0,1,0
32.70,52.40,4095,2260,1340,706,0,1,0
32.70,52.40,4083,2240,1342,699,0,1,0
32.70,52.40,3936,2243,1344,701,0,1,0
32.70,52.40,3850,2247,1342,703,0,1,0
32.70,52.40,3847,2245,1338,705,0,1,0
32.70,52.40,3914,2247,1317,702,0,1,0
32.70,52.40,3856,2246,1331,704,0,1,0
32.70,52.40,3663,2254,1328,702,0,1,0
32.70,52.40,3942,2241,1317,701,0,1,0
32.70,52.40,3970,2251,1319,701,0,1,0
32.70,52.40,4052,2259,1315,700,0,1,0
32.70,52.40,2480,2249,1303,701,0,1,0
32.70,52.40,2685,2192,1313,699,0,1,0
32.70,52.40,2649,2250,1314,699,0,1,0
32.70,52.40,2624,2253,1306,701,0,1,0
32.70,52.40,2685,2349,1299,703,0,1,0
32.70,52.40,2687,4095,1981,698,1,1,0
32.70,52.40,2720,4095,1633,716,1,1,0
32.70,52.40,2735,4095,1563,720,1,1,0
32.70,52.40,2738,4095,1493,720,0,1,0
32.70,52.40,2717,4095,1430,698,0,1,0
32.70,52.40,2730,4095,1357,697,0,1,0
32.70,52.40,2716,4095,1938,704,1,1,0
32.70,52.40,2715,4095,1535,720,1,1,0
32.70,52.40,2722,4095,1446,716,0,1,0
32.70,52.40,2731,4095,1363,694,0,1,0
32.70,52.40,2731,4095,1333,691,0,1,0
32.70,52.40,2734,4095,1331,700,0,1,0
32.70,52.40,2725,4095,1300,695,0,1,0
32.70,52.50,2710,4095,1281,700,0,1,0
32.70,52.50,2694,1338,755,700,0,1,0
32.70,52.50,2687,1744,998,699,0,1,0
32.70,52.40,2672,2149,1263,699,0,1,0
32.70,52.50,2640,2226,1215,695,0,1,0
32.70,52.50,2640,2212,1248,694,0,1,0
32.70,52.50,2640,2218,1263,683,0,1,0
30.40,60.60,2671,2176,962,961,0,0,0
30.30,60.60,2782,2173,959,962,0,0,0
30.30,60.70,2721,2175,963,959,0,0,0
30.30,60.70,2540,2187,970,959,0,0,0
30.30,60.70,2659,4095,1743,960,1,0,0
30.30,60.70,2791,4095,1726,976,1,0,0
-15.20,55.90,2755,4095,1699,976,1,0,0
30.30,60.70,2559,3987,1683,969,1,0,0
30.30,60.60,2621,4095,1664,970,1,0,0
30.40,60.60,2726,1706,688,911,0,0,0
30.40,60.60,2805,2117,931,946,0,0,0
30.40,60.60,2740,2161,945,950,0,0,0
30.40,60.60,2630,2173,950,951,0,0,0
30.40,60.60,2522,1152,1931,947,0,0,0
30.30,60.60,2627,947,1717,951,0,0,0
30.30,60.60,2711,868,1534,948,0,0,0
30.30,60.60,2787,794,1422,953,0,0,0
30.30,60.70,2759,869,1370,944,0,0,0
30.40,60.70,2643,884,1265,946,0,0,0
30.30,60.70,2549,916,1217,947,0,0,0
30.40,60.70,2672,939,1195,944,0,0,0
30.40,60.80,2772,965,1152,947,0,0,0
30.30,60.70,2746,976,1146,945,0,0,0
30.30,60.70,2559,976,1130,945,0,0,0
30.40,60.70,2579,975,1114,946,0,0,0
30.30,60.70,2709,999,1104,945,0,0,0
30.40,60.70,2785,1015,1131,944,0,0,0
30.30,60.80,2758,4095,1154,944,0,0,0
30.30,60.80,2628,2181,1008,942,0,0,0
30.40,60.80,2530,3871,1824,936,1,0,0
30.40,60.70,2538,3859,1318,956,0,0,0
30.30,60.70,2588,3900,1251,934,0,0,0
30.30,60.70,2666,3828,1232,938,0,0,0
30.40,60.70,2727,3975,1209,937,0,0,0
30.40,60.60,2790,4048,1169,933,0,0,0
30.40,60.60,2775,4042,1140,935,0,0,0
30.40,60.60,2689,4047,1072,932,0,0,0
30.40,60.60,2591,4054,1069,942,0,0,0
30.40,60.60,2515,4074,1053,930,0,0,0
30.40,60.60,2603,4065,1032,938,0,0,0
30.40,60.60,2673,4043,1032,933,0,0,0
30.40,60.60,2715,1411,597,938,0,0,0
30.40,60.50,2799,1801,784,929,0,0,0
30.40,60.50,2768,2144,931,931,0,0,0
30.40,60.50,2677,2195,955,935,0,0,0
30.40,60.50,2559,2233,970,933,0,0,0
30.40,60.60,2340,2224,912,927,0,0,0
30.40,60.90,749,2238,925,929,0,0,1
30.40,60.90,790,2256,921,885,0,0,1
30.40,60.90,2806,2241,893,943,0,0,0
30.40,61.10,2645,2207,850,925,0,0,0
30.40,61.40,733,2211,851,925,0,0,1
30.40,61.40,761,2225,862,943,0,0,1
30.40,61.30,685,2225,843,939,0,0,1
30.40,61.20,726,2214,851,939,0,0,1
30.40,61.20,2729,2215,841,940,0,0,0
30.40,61.10,2767,2184,813,917,0,0,0
30.40,61.00,2798,2183,806,923,0,0,0
30.40,61.00,2773,2183,800,917,0,0,0
30.40,61.00,1829,2177,802,919,0,0,0
30.40,61.00,790,2176,799,918,0,0,1
30.40,60.90,1709,2201,827,937,0,0,1
30.40,61.00,526,2197,841,935,0,0,1
30.40,61.10,640,2209,833,933,0,0,1
30.40,61.00,918,2206,837,933,0,0,1
30.40,60.90,2689,2256,851,933,0,0,0
30.40,60.70,2713,2187,821,913,0,0,0
30.40,60.70,2737,2182,816,915,0,0,0
30.40,60.80,2750,2175,818,912,0,0,0
30.40,61.00,2771,2187,837,912,0,0,0
30.40,61.00,2834,2191,816,912,0,0,0
30.40,61.00,4085,2122,822,913,0,0,0
30.40,61.00,3984,2186,822,911,0,0,0
30.40,60.80,4001,2161,823,913,0,0,0
30.40,60.70,4010,2191,822,912,0,0,0
30.40,60.60,3899,2192,822,912,0,0,0
30.40,60.60,3136,2196,829,932,0,0,0
30.40,60.50,4095,2194,830,913,0,0,0
30.40,60.50,3855,2193,834,911,0,0,0
30.40,60.70,4029,2195,832,909,0,0,0
30.40,60.90,2930,2202,833,909,0,0,0
30.40,60.90,3873,2203,835,907,0,0,0
30.40,60.80,3888,2201,839,907,0,0,0
30.40,60.70,2525,2207,840,907,0,0,0
30.40,60.70,916,2211,851,907,0,0,1
30.40,60.60,656,2238,880,924,0,0,1
30.40,60.60,2602,2237,871,918,0,0,0
30.40,60.60,2594,2202,939,899,0,0,0
30.40,60.60,2603,2207,1022,899,0,0,0
30.90,66.60,2624,2202,960,898,0,0,0
30.80,77.10,2631,2205,923,901,0,0,0
31.00,82.70,2658,2204,879,901,0,0,0
30.90,86.20,2658,2217,875,899,0,0,0
30.70,87.10,2676,2213,865,899,0,0,0
30.70,86.10,2675,4095,1995,902,1,0,0
30.70,83.50,2688,4095,2006,913,1,0,0
30.80,79.30,2682,4095,1968,944,1,0,0
30.80,74.40,2673,4095,1936,915,1,0,0
30.80,70.50,2667,4095,1903,912,1,0,0
30.80,67.50,2630,4095,1874,912,1,0,0
30.80,65.40,2623,4095,1854,913,1,0,0
30.90,64.00,2593,1931,921,915,0,0,0
30.90,62.90,2559,2284,1088,889,0,0,0
30.90,62.10,2533,2235,1061,894,0,0,0
30.90,61.60,2501,2224,1023,893,0,0,0
30.90,61.20,2525,2206,1214,891,0,0,0
30.90,61.00,2558,1154,1856,893,0,0,0
30.90,60.90,2608,1013,1671,893,0,0,0
31.00,60.70,2646,985,1520,896,0,0,0
30.90,60.50,2691,976,1428,891,0,0,0
30.90,60.30,2730,2143,1259,893,0,0,0
31.00,60.10,2559,2206,1178,880,0,0,0
31.00,60.00,2723,2206,1137,884,0,0,0
31.00,59.90,2682,2198,1091,864,0,0,0
31.00,59.90,2634,2183,1056,880,0,0,0
31.00,59.90,2442,2134,1010,880,0,0,0
31.00,59.90,1761,2185,1015,885,0,0,1
30.90,59.90,1922,2205,1023,905,0,0,1
31.00,59.80,2509,2202,1019,901,0,0,0
31.00,59.70,1200,2186,974,889,0,0,1
30.90,59.60,2681,2219,999,901,0,0,0
30.90,59.60,2735,2192,971,886,0,0,0
31.00,59.60,2793,2194,944,880,0,0,0
31.00,59.80,2818,2193,978,886,0,0,0
31.00,59.80,2787,2189,970,887,0,0,0
31.00,59.80,2749,4095,1902,886,1,0,0
31.00,59.60,2559,4095,1497,907,0,0,0
31.00,59.50,2594,4095,1407,880,0,0,0
31.00,59.40,2644,4095,1409,880,0,0,0
31.00,59.40,2675,4095,1535,887,1,0,0
30.90,59.40,2718,1261,368,900,0,0,0
31.00,59.30,2729,1968,986,891,0,0,0
31.00,59.30,2741,3393,1781,882,1,0,0
30.90,59.20,2752,2442,1278,902,0,0,0
30.90,59.20,2739,2416,1216,882,0,0,0
30.90,59.20,2735,2288,1133,877,0,0,0
30.90,59.20,2731,2075,951,881,0,0,0
30.90,59.20,2726,2129,949,877,0,0,0
31.00,59.20,2730,2138,929,881,0,0,0
30.90,59.20,2716,2192,950,880,0,0,0
30.90,59.20,2730,2282,1040,879,0,0,0
30.90,59.20,2717,2430,1125,880,0,0,0
30.90,59.20,2704,3041,1441,879,0,0,0
30.90,59.20,2691,2081,944,879,0,0,0
30.90,59.20,2686,1923,672,879,0,0,0
30.90,59.20,2676,4095,1910,880,1,0,0
30.90,59.20,2698,1843,685,891,0,0,0
30.90,59.20,2706,4015,1922,874,1,0,0
30.90,59.20,2543,2163,895,893,0,0,0
30.90,59.30,2586,2161,891,869,0,0,0
30.90,59.30,2628,3280,1425,875,0,0,0
30.90,59.30,2672,2458,892,871,0,0,0
30.90,59.20,2709,1951,605,873,0,0,0
30.90,59.20,2751,4095,1846,866,1,0,0
30.90,59.20,2769,4095,1822,891,1,0,0
30.90,59.20,2775,4095,1794,888,1,0,0
30.90,59.20,2739,4094,1775,885,1,0,0
30.90,59.20,2658,4095,1812,881,1,0,0
30.90,59.30,2787,2320,1075,883,0,0,0
30.90,59.30,2711,2311,1047,860,0,0,0
30.90,59.30,2640,2349,1008,863,0,0,0
30.90,59.30,2581,2203,976,864,0,0,0
30.90,59.30,698,2192,981,865,0,0,1
30.90,59.20,2559,2199,990,882,0,0,0
30.90,59.20,252,2182,962,864,0,0,1
30.90,59.20,2416,2207,973,881,0,0,0
30.90,59.30,2671,2197,947,863,0,0,0
30.90,59.30,720,2192,959,863,0,0,1
30.90,59.30,2717,2211,971,882,0,0,0
30.90,59.30,2736,2186,945,863,0,0,0
30.90,59.20,2761,2186,946,858,0,0,0
30.90,59.30,2800,2185,950,864,0,0,0
30.90,59.20,2799,2186,951,863,0,0,0
30.90,59.30,2749,2186,951,860,0,0,0
30.90,59.20,2698,2189,956,863,0,0,0
30.90,59.30,2624,2189,958,859,0,0,0
30.80,59.20,2547,2188,963,863,0,0,0
30.90,59.30,2516,2192,962,859,0,0,0
30.90,59.30,2559,2195,971,865,0,0,0
30.90,59.30,2640,2190,960,860,0,0,0
30.90,59.30,2661,2186,971,859,0,0,0
30.90,59.30,3061,2193,966,861,0,0,0
30.90,59.30,3973,2194,963,863,0,0,0
30.90,59.30,4095,2192,933,855,0,0,0
30.90,59.30,4030,2192,967,858,0,0,0
30.80,59.30,3362,2192,961,858,0,0,0
30.80,59.30,3247,2192,963,861,0,0,0
30.90,59.30,3957,2191,963,860,0,0,0
30.90,59.50,3931,2191,962,854,0,0,0
30.90,59.50,3920,2192,957,859,0,0,0
30.90,59.60,2747,2195,962,858,0,0,0
30.90,59.60,4032,2192,959,854,0,0,0
30.90,59.60,2880,2192,957,855,0,0,0
30.90,59.50,2638,2195,965,850,0,0,0
30.90,59.50,2693,2192,958,849,0,0,0
30.80,59.40,2765,2193,1030,851,0,0,0
30.90,59.40,2775,2190,965,853,0,0,0
30.90,59.40,2737,2194,968,851,0,0,0
30.90,59.40,2691,2192,966,849,0,0,0
30.90,59.40,2659,2182,963,850,0,0,0
30.90,59.40,2627,2192,969,848,0,0,0
30.90,59.30,2607,2195,963,854,0,0,0
30.90,59.40,2586,2198,970,910,0,0,0
30.90,59.30,655,2192,970,848,0,0,1
30.90,59.30,550,2218,989,871,0,0,1
30.80,59.30,2597,2218,987,869,0,0,0
30.90,59.30,2586,2198,961,845,0,0,0
30.90,59.30,2583,2194,965,849,0,0,0
30.90,59.30,2580,2193,960,848,0,0,0
30.80,59.30,2579,2197,963,848,0,0,0
30.90,59.30,2556,2196,959,848,0,0,0
30.90,60.20,2539,2202,958,848,0,0,0
30.90,62.90,2517,2199,960,846,0,0,0
31.00,65.60,2522,2197,960,846,0,0,0
31.10,67.70,2508,2203,963,845,0,0,0
31.20,69.40,2522,2205,961,848,0,0,0
31.30,70.70,2529,2207,965,847,0,0,0
31.40,71.80,2559,2201,967,847,0,0,0
31.50,72.60,2587,2199,965,847,0,0,0
31.70,73.20,2623,2205,962,848,0,0,0
31.80,73.70,2647,2197,963,846,0,0,0
31.90,74.00,2659,2203,970,843,0,0,0
32.00,71.10,547,2238,981,847,0,0,1
32.00,67.40,2672,2254,1011,855,0,0,0
32.10,64.40,2669,2228,992,846,0,0,0
32.20,62.40,2627,2230,989,857,0,0,0
32.20,60.90,2630,2224,986,844,0,0,0
32.40,68.70,2603,2224,981,844,0,0,0
32.40,71.30,541,2225,979,841,0,0,1
32.40,68.20,2531,2245,1001,858,0,0,0
32.40,65.10,2471,2219,981,845,0,0,0
32.40,62.90,640,2223,977,841,0,0,1
32.50,61.20,2625,2245,1003,852,0,0,0
32.50,59.90,2593,2223,976,837,0,0,0
32.40,59.00,2548,2219,976,839,0,0,0
32.40,58.40,2554,2214,1006,847,0,0,0
32.40,58.00,2512,2203,998,833,0,0,0
32.50,57.70,1239,2253,1195,851,0,0,1
32.40,57.40,2463,2256,1166,851,0,0,0
32.40,57.30,2466,2230,1107,832,0,0,0
32.40,57.20,1869,2225,1083,832,0,0,0
32.40,57.10,2273,2224,1067,833,0,0,0
32.40,57.10,1460,2224,1061,822,0,0,1
32.40,57.10,698,2240,1077,853,0,0,1
32.40,57.10,2289,2246,1085,851,0,0,0
32.40,57.00,438,2224,1043,832,0,0,1
32.30,57.00,2513,2239,1069,853,0,0,0
32.30,56.90,2339,2221,1038,787,0,0,0
32.30,56.90,2426,2215,1023,832,0,0,0
32.30,56.90,546,2225,1023,835,0,0,1
32.30,56.90,2593,2215,1053,855,0,0,0
32.30,56.90,2623,2221,1023,830,0,0,0
32.20,56.90,2665,2220,1014,837,0,0,0
32.20,56.90,2713,2219,1013,837,0,0,0
32.20,56.90,2752,2217,1009,835,0,0,0
32.20,56.90,2785,2219,1008,833,0,0,0
32.10,56.90,2770,2220,1008,835,0,0,0
32.10,56.90,2731,2222,1057,834,0,0,0
32.10,56.90,2682,2213,1007,834,0,0,0
32.00,57.00,2633,2211,1008,835,0,0,0
32.00,57.00,2559,2211,1006,834,0,0,0
32.00,57.10,2512,2213,1003,833,0,0,0
32.00,57.10,2542,2218,1006,835,0,0,0
32.00,57.10,2618,2212,998,832,0,0,0
32.00,57.10,2672,2208,998,834,0,0,0
31.90,57.20,2740,2204,1002,837,0,0,0
31.90,57.20,2794,2214,996,832,0,0,0
31.90,57.20,2751,2206,1001,831,0,0,0
31.90,57.20,2678,2207,995,831,0,0,0
31.80,57.30,2603,2209,995,832,0,0,0
31.90,57.30,2533,2208,994,829,0,0,0
31.80,57.30,2542,2203,998,832,0,0,0
31.80,57.30,2589,2207,993,829,0,0,0
31.80,57.40,2629,2205,995,831,0,0,0
31.80,57.40,2671,2206,995,832,0,0,0
31.80,57.50,2693,2207,995,829,0,0,0
31.80,57.50,2727,2212,995,829,0,0,0
31.70,57.50,2774,2207,999,827,0,0,0
31.70,57.50,2788,2211,997,831,0,0,0
31.70,57.60,2794,2209,999,829,0,0,0
31.70,57.60,2765,2214,998,826,0,0,0
31.70,57.70,2714,2209,998,827,0,0,0
31.60,57.70,2672,2218,997,827,0,0,0
31.60,57.70,2618,2207,1003,826,0,0,0
31.60,57.80,2543,2207,1014,823,0,0,0
31.60,57.80,2525,2209,1008,826,0,0,0
31.60,57.80,2589,2181,1009,823,0,0,0
31.60,57.90,2642,2210,1008,823,0,0,0
31.60,57.90,2704,2211,1008,827,0,0,0
31.50,57.90,2768,2213,1035,830,0,0,0
31.50,57.90,2771,2210,1013,817,0,0,0
31.50,57.90,2687,2213,1015,821,0,0,0
31.50,58.00,2587,2219,1023,820,0,0,0
31.40,58.00,2518,2218,1034,823,0,0,0
31.50,58.00,2601,2217,1021,825,0,0,0
31.40,58.00,2667,2215,1031,816,0,0,0
31.40,58.00,2726,2212,1023,820,0,0,0
31.40,58.10,2777,2219,1023,821,0,0,0
31.40,58.10,2762,2213,1033,818,0,0,0
31.40,58.10,2683,2205,1031,821,0,0,0
31.40,58.20,2610,2203,1038,823,0,0,0
31.40,58.20,2529,2207,1040,821,0,0,0
31.40,58.20,2540,2213,1039,822,0,0,0
31.40,58.20,2612,2209,1040,819,0,0,0
31.40,58.30,2687,2209,1045,817,0,0,0
31.30,58.30,2760,2207,1043,816,0,0,0
31.30,58.30,2775,2196,1044,817,0,0,0
31.30,58.30,2695,2205,1049,816,0,0,0
31.30,58.30,2597,2205,1046,816,0,0,0
31.30,58.40,2516,2205,1050,818,0,0,0
31.30,58.40,2554,2210,1049,816,0,0,0
31.30,58.40,2633,2209,1051,816,0,0,0
31.30,58.40,2702,2211,1056,816,0,0,0
31.30,58.40,2767,2209,1050,816,0,0,0
31.30,58.50,2781,2210,1056,816,0,0,0
31.30,58.50,2709,2206,1051,816,0,0,0
31.30,58.50,2623,2210,1055,815,0,0,0
31.20,58.50,2542,2212,1059,814,0,0,0
31.20,58.50,2535,2211,1054,816,0,0,0
31.20,58.60,2599,2210,1055,816,0,0,0
31.20,58.60,2645,2206,1063,815,0,0,0
31.20,58.60,2699,2214,1056,816,0,0,0
31.20,58.60,2742,2214,1054,815,0,0,0
31.20,58.60,2770,2209,1063,814,0,0,0
31.20,58.60,2732,2212,1067,807,0,0,0
31.20,58.60,2247,2210,1067,813,0,0,0
31.20,58.60,2508,2209,1063,813,0,0,0
31.20,58.60,2495,2204,1069,810,0,0,0
31.20,58.60,2511,2213,1072,811,0,0,0
31.10,58.70,2559,2208,1073,815,0,0,0
31.10,58.70,2619,2213,1074,807,0,0,0
31.10,58.70,2672,2215,1075,813,0,0,0
31.10,58.70,2704,2211,1074,807,0,0,0
31.10,58.70,2736,2215,1074,808,0,0,0
31.10,58.70,2752,2211,1101,813,0,0,0
31.20,58.80,2672,2214,1079,811,0,0,0
31.10,58.70,2581,2209,1081,811,0,0,0
31.10,58.70,2490,2215,1081,813,0,0,0
31.10,58.80,2443,2219,1087,813,0,0,0
31.10,58.80,2559,2209,1088,806,0,0,0
31.10,58.80,2637,2223,1089,806,0,0,0
31.10,58.80,2698,2221,1068,806,0,0,0
31.10,58.80,2757,2217,1091,806,0,0,0
31.10,58.80,2770,2217,1099,806,0,0,0
31.10,58.80,2723,2219,1098,807,0,0,0
31.10,58.90,2645,2224,1102,782,0,0,0
31.10,58.80,2557,2215,1101,809,0,0,0
31.10,58.80,2485,2218,1104,806,0,0,0
31.10,58.80,2510,2219,1106,801,0,0,0
31.10,58.80,2581,2218,1109,806,0,0,0
31.10,58.80,2619,2301,1376,806,0,0,0
31.10,58.80,2736,2305,1378,806,0,0,0
31.10,58.80,2782,2317,1316,803,0,0,0
31.10,58.80,2769,2314,1266,802,0,0,0
31.10,58.80,2709,2310,1228,803,0,0,0
31.10,58.80,2634,2316,1195,806,0,0,0
31.10,58.90,2541,2314,1168,802,0,0,0
31.10,58.90,2539,2315,1142,799,0,0,0
31.10,58.90,2617,2311,1124,799,0,0,0
31.10,58.90,2691,2315,1118,802,0,0,0
31.10,58.90,2763,2317,1104,801,0,0,0
31.10,58.90,2768,2313,1104,800,0,0,0
31.10,59.00,2713,2313,1093,799,0,0,0
31.10,59.10,2614,2314,1093,801,0,0,0
31.00,59.10,2530,2314,1087,799,0,0,0
31.10,59.10,2542,2311,1087,799,0,0,0
31.00,59.00,2624,2307,1085,801,0,0,0
31.10,59.00,2694,2307,1082,797,0,0,0
31.00,59.00,2745,2305,1067,799,0,0,0
31.10,59.00,2784,2305,1079,799,0,0,0
31.10,58.90,2751,2307,1078,798,0,0,0
31.10,58.90,2670,2304,1075,799,0,0,0
31.00,58.90,2559,2308,1077,797,0,0,0
31.10,58.90,2544,2377,1079,799,0,0,0
31.00,58.90,2626,2309,1078,796,0,0,0
31.00,58.90,2705,2306,1088,801,0,0,0
31.00,58.90,2778,2302,1077,800,0,0,0
31.00,58.90,2775,2303,1078,799,0,0,0
31.00,59.00,2683,2305,1081,795,0,0,0
31.00,59.00,2583,2304,1072,793,0,0,0
31.00,59.00,2525,2302,1086,798,0,0,0
31.00,59.00,2595,2306,1082,794,0,0,0
31.00,59.00,2641,2311,1092,795,0,0,0
